metric,rank,player_name,team_2025_26,projected_value,season
Projected points per game,1,Shai Gilgeous-Alexander,OKC,29.6,2026-27
Projected points per game,2,Luka Dončić,LAL,29.15,2026-27
Projected points per game,3,Nikola Jokić,DEN,28.0,2026-27
Projected points per game,4,Giannis Antetokounmpo,MIL,27.72,2026-27
Projected points per game,5,Tyrese Maxey,PHI,26.47,2026-27
Projected points per game,6,Anthony Edwards,MIN,26.31,2026-27
Projected points per game,7,Jaylen Brown,BOS,26.22,2026-27
Projected points per game,8,Donovan Mitchell,CLE,25.95,2026-27
Projected points per game,9,Kawhi Leonard,LAC,25.95,2026-27
Projected points per game,10,Kevin Durant,HOU,25.88,2026-27
Projected points per game,11,Victor Wembanyama,SAS,25.85,2026-27
Projected points per game,12,Devin Booker,PHX,25.63,2026-27
Projected points per game,13,Jalen Brunson,NYK,25.53,2026-27
Projected points per game,14,Stephen Curry,GSW,25.43,2026-27
Projected points per game,15,Joel Embiid,PHI,25.21,2026-27
Projected points per game,16,Cade Cunningham,DET,24.97,2026-27
Projected points per game,17,Lauri Markkanen,UTA,24.91,2026-27
Projected points per game,18,Jamal Murray,DEN,24.59,2026-27
Projected points per game,19,Paolo Banchero,ORL,22.14,2026-27
Projected points per game,20,Deni Avdija,POR,22.11,2026-27
Projected rebounds per game,1,Victor Wembanyama,SAS,12.42,2026-27
Projected rebounds per game,2,Nikola Jokić,DEN,12.17,2026-27
Projected rebounds per game,3,Karl-Anthony Towns,NYK,10.94,2026-27
Projected rebounds per game,4,Jalen Duren,DET,10.68,2026-27
Projected rebounds per game,5,Donovan Clingan,POR,10.29,2026-27
Projected rebounds per game,6,Rudy Gobert,MIN,10.05,2026-27
Projected rebounds per game,7,Anthony Davis,WAS,9.69,2026-27
Projected rebounds per game,8,Ivica Zubac,IND,9.61,2026-27
Projected rebounds per game,9,Jalen Johnson,ATL,9.58,2026-27
Projected rebounds per game,10,Giannis Antetokounmpo,MIL,9.5,2026-27
Projected rebounds per game,11,Chet Holmgren,OKC,9.31,2026-27
Projected rebounds per game,12,Alperen Sengun,HOU,9.17,2026-27
Projected rebounds per game,13,Bam Adebayo,MIA,9.16,2026-27
Projected rebounds per game,14,Isaiah Hartenstein,OKC,9.15,2026-27
Projected rebounds per game,15,Evan Mobley,CLE,8.99,2026-27
Projected rebounds per game,16,Kel'el Ware,MIA,8.37,2026-27
Projected rebounds per game,17,Jarrett Allen,CLE,8.33,2026-27
Projected rebounds per game,18,Mark Williams,PHX,8.11,2026-27
Projected rebounds per game,19,Deandre Ayton,LAL,8.01,2026-27
Projected rebounds per game,20,Moussa Diabaté,CHA,7.92,2026-27
Projected assists per game,1,Nikola Jokić,DEN,10.17,2026-27
Projected assists per game,2,Cade Cunningham,DET,9.44,2026-27
Projected assists per game,3,Luka Dončić,LAL,8.35,2026-27
Projected assists per game,4,Josh Giddey,CHI,7.99,2026-27
Projected assists per game,5,Jalen Johnson,ATL,7.41,2026-27
Projected assists per game,6,James Harden,CLE,7.32,2026-27
Projected assists per game,7,Ja Morant,MEM,7.18,2026-27
Projected assists per game,8,Shai Gilgeous-Alexander,OKC,7.15,2026-27
Projected assists per game,9,LaMelo Ball,CHA,7.11,2026-27
Projected assists per game,10,Stephon Castle,SAS,6.78,2026-27
Projected assists per game,11,Jamal Murray,DEN,6.75,2026-27
Projected assists per game,12,Jalen Brunson,NYK,6.65,2026-27
Projected assists per game,13,Isaiah Collier,UTA,6.5,2026-27
Projected assists per game,14,Tyrese Maxey,PHI,6.49,2026-27
Projected assists per game,15,LeBron James,LAL,6.37,2026-27
Projected assists per game,16,Darius Garland,LAC,6.36,2026-27
Projected assists per game,17,Andrew Nembhard,IND,6.32,2026-27
Projected assists per game,18,Deni Avdija,POR,6.27,2026-27
Projected assists per game,19,Devin Booker,PHX,6.12,2026-27
Projected assists per game,20,Kevin Porter Jr.,MIL,6.11,2026-27
Projected 3-pointers made per game,1,Stephen Curry,GSW,4.04,2026-27
Projected 3-pointers made per game,2,LaMelo Ball,CHA,3.81,2026-27
Projected 3-pointers made per game,3,Luka Dončić,LAL,3.61,2026-27
Projected 3-pointers made per game,4,Michael Porter Jr.,BKN,3.35,2026-27
Projected 3-pointers made per game,5,Brandon Miller,CHA,2.97,2026-27
Projected 3-pointers made per game,6,Donovan Mitchell,CLE,2.97,2026-27
Projected 3-pointers made per game,7,Anthony Edwards,MIN,2.95,2026-27
Projected 3-pointers made per game,8,Tyrese Maxey,PHI,2.89,2026-27
Projected 3-pointers made per game,9,Nickeil Alexander-Walker,ATL,2.82,2026-27
Projected 3-pointers made per game,10,James Harden,CLE,2.81,2026-27
Projected 3-pointers made per game,11,Trey Murphy III,NOP,2.79,2026-27
Projected 3-pointers made per game,12,Jamal Murray,DEN,2.78,2026-27
Projected 3-pointers made per game,13,Kon Knueppel,CHA,2.77,2026-27
Projected 3-pointers made per game,14,Payton Pritchard,BOS,2.75,2026-27
Projected 3-pointers made per game,15,Grayson Allen,PHX,2.68,2026-27
Projected 3-pointers made per game,16,Derrick White,BOS,2.68,2026-27
Projected 3-pointers made per game,17,Immanuel Quickley,TOR,2.68,2026-27
Projected 3-pointers made per game,18,Kawhi Leonard,LAC,2.67,2026-27
Projected 3-pointers made per game,19,Collin Gillespie,PHX,2.67,2026-27
Projected 3-pointers made per game,20,Paul George,PHI,2.65,2026-27
Projected steals per game,1,Dyson Daniels,ATL,2.08,2026-27
Projected steals per game,2,Ausar Thompson,DET,1.74,2026-27
Projected steals per game,3,Cason Wallace,OKC,1.73,2026-27
Projected steals per game,4,Tyrese Maxey,PHI,1.71,2026-27
Projected steals per game,5,Matisse Thybulle,POR,1.67,2026-27
Projected steals per game,6,Luka Dončić,LAL,1.61,2026-27
Projected steals per game,7,Shai Gilgeous-Alexander,OKC,1.57,2026-27
Projected steals per game,8,Kevin Porter Jr.,MIL,1.55,2026-27
Projected steals per game,9,Nikola Jokić,DEN,1.54,2026-27
Projected steals per game,10,Jalen Suggs,ORL,1.53,2026-27
Projected steals per game,11,Kawhi Leonard,LAC,1.53,2026-27
Projected steals per game,12,Herbert Jones,NOP,1.43,2026-27
Projected steals per game,13,Amen Thompson,HOU,1.41,2026-27
Projected steals per game,14,OG Anunoby,NYK,1.39,2026-27
Projected steals per game,15,Kris Dunn,LAC,1.37,2026-27
Projected steals per game,16,Cade Cunningham,DET,1.37,2026-27
Projected steals per game,17,Paul George,PHI,1.37,2026-27
Projected steals per game,18,Scottie Barnes,TOR,1.37,2026-27
Projected steals per game,19,Donovan Mitchell,CLE,1.37,2026-27
Projected steals per game,20,VJ Edgecombe,PHI,1.36,2026-27
Projected blocks per game,1,Victor Wembanyama,SAS,2.96,2026-27
Projected blocks per game,2,Chet Holmgren,OKC,1.81,2026-27
Projected blocks per game,3,Alex Sarr,WAS,1.6,2026-27
Projected blocks per game,4,Anthony Davis,WAS,1.58,2026-27
Projected blocks per game,5,Donovan Clingan,POR,1.49,2026-27
Projected blocks per game,6,Evan Mobley,CLE,1.48,2026-27
Projected blocks per game,7,Myles Turner,MIL,1.44,2026-27
Projected blocks per game,8,Robert Williams III,POR,1.42,2026-27
Projected blocks per game,9,Ryan Kalkbrenner,CHA,1.38,2026-27
Projected blocks per game,10,Jay Huff,IND,1.35,2026-27
Projected blocks per game,11,Isaiah Stewart,DET,1.35,2026-27
Projected blocks per game,12,Dylan Cardwell,SAC,1.31,2026-27
Projected blocks per game,13,Daniel Gafford,DAL,1.3,2026-27
Projected blocks per game,14,Rudy Gobert,MIN,1.29,2026-27
Projected blocks per game,15,Yves Missi,NOP,1.29,2026-27
Projected blocks per game,16,Jaren Jackson Jr.,UTA,1.27,2026-27
Projected blocks per game,17,Scottie Barnes,TOR,1.24,2026-27
Projected blocks per game,18,Matas Buzelis,CHI,1.16,2026-27
Projected blocks per game,19,Keegan Murray,SAC,1.13,2026-27
Projected blocks per game,20,Kristaps Porziņģis,GSW,1.12,2026-27
