PLAYER_ID,PLAYER_NAME,TEAM_ABBREVIATION,mid_range_fga,mid_range_fg_pct,volume_percentile,efficiency_percentile,MIDRANGE_SCORE
1628983,Shai Gilgeous-Alexander,OKC,5.2,0.549,94.76744186046511,97.67441860465115,96.5
1628973,Jalen Brunson,NYK,4.2,0.502,91.86046511627907,93.02325581395348,92.6
201942,DeMar DeRozan,SAC,6.3,0.476,100.0,81.3953488372093,88.8
201142,Kevin Durant,HOU,5.4,0.482,97.09302325581395,82.55813953488372,88.4
204456,T.J. McConnell,IND,2.8,0.541,70.93023255813954,95.34883720930233,85.6
1627742,Brandon Ingram,TOR,5.4,0.471,97.09302325581395,76.74418604651163,84.9
203954,Joel Embiid,PHI,5.6,0.463,98.83720930232558,69.76744186046511,81.4
1630595,Cade Cunningham,DET,2.8,0.486,70.93023255813954,86.04651162790698,80.0
1626171,Bobby Portis Jr.,MIL,3.2,0.472,81.3953488372093,78.48837209302324,79.7
202695,Kawhi Leonard,LAC,4.0,0.464,89.53488372093024,70.93023255813954,78.4
1629060,Rui Hachimura,LAL,2.1,0.556,46.51162790697674,98.83720930232558,77.9
1626164,Devin Booker,PHX,5.1,0.458,93.02325581395348,67.44186046511628,77.7
201939,Stephen Curry,GSW,2.2,0.51,49.41860465116279,94.18604651162791,76.3
1628378,Donovan Mitchell,CLE,2.4,0.494,57.55813953488372,88.37209302325581,76.0
1630170,Devin Vassell,SAS,2.4,0.488,57.55813953488372,87.20930232558139,75.3
203468,CJ McCollum,ATL,2.8,0.469,70.93023255813954,75.5813953488372,73.7
1627750,Jamal Murray,DEN,3.5,0.455,84.30232558139535,64.53488372093024,72.4
1629645,Kevin Porter Jr.,MIL,2.8,0.467,70.93023255813954,72.67441860465115,72.0
202331,Paul George,PHI,3.3,0.455,82.55813953488372,64.53488372093024,71.7
202699,Tobias Harris,DET,2.0,0.496,41.86046511627907,90.69767441860465,71.2
203999,Nikola Jokić,DEN,1.8,0.559,25.0,100.0,70.0
1630224,Jalen Green,PHX,2.8,0.461,70.93023255813954,68.6046511627907,69.5
1629029,Luka Dončić,LAL,3.7,0.443,86.62790697674419,58.139534883720934,69.5
1642848,Tre Johnson,WAS,1.9,0.495,34.883720930232556,89.53488372093024,67.7
1630162,Anthony Edwards,MIN,3.9,0.433,88.37209302325581,51.162790697674424,66.0
203114,Khris Middleton,DAL,3.1,0.441,78.48837209302324,56.97674418604651,65.6
1627759,Jaylen Brown,BOS,5.2,0.413,94.76744186046511,43.02325581395349,63.7
1627749,Dejounte Murray,NOP,1.6,0.545,11.046511627906977,96.51162790697676,62.3
1629027,Trae Young,WAS,1.7,0.5,16.86046511627907,91.86046511627907,61.9
1642845,VJ Edgecombe,PHI,1.8,0.485,25.0,84.88372093023256,60.9
1628415,Dillon Brooks,PHX,4.1,0.41,90.69767441860465,40.69767441860465,60.7
1630217,Desmond Bane,ORL,1.8,0.483,25.0,83.72093023255815,60.2
1630567,Scottie Barnes,TOR,2.4,0.446,57.55813953488372,59.883720930232556,59.0
1628969,Mikal Bridges,NYK,1.9,0.468,34.883720930232556,74.4186046511628,58.6
1642267,Bub Carrington,WAS,2.1,0.457,46.51162790697674,66.27906976744185,58.4
1630178,Tyrese Maxey,PHI,2.6,0.436,63.95348837209303,53.48837209302325,57.7
1631157,Ryan Rollins,MIL,2.1,0.452,46.51162790697674,62.7906976744186,56.3
1641718,Keyonte George,UTA,2.6,0.42,63.95348837209303,47.674418604651166,54.2
1641705,Victor Wembanyama,SAS,2.9,0.409,75.5813953488372,39.53488372093023,54.0
1629614,Andrew Nembhard,IND,3.1,0.402,78.48837209302324,34.883720930232556,52.3
1629631,De'Andre Hunter,SAC,1.7,0.467,16.86046511627907,72.67441860465115,50.3
204001,Kristaps Porziņģis,GSW,2.0,0.438,41.86046511627907,55.81395348837209,50.2
1628368,De'Aaron Fox,SAS,1.9,0.446,34.883720930232556,59.883720930232556,49.9
1642377,Jaylen Wells,MEM,1.5,0.475,4.069767441860465,80.23255813953489,49.8
1630552,Jalen Johnson,ATL,2.0,0.437,41.86046511627907,54.65116279069767,49.5
203897,Zach LaVine,SAC,2.5,0.412,60.46511627906976,41.86046511627907,49.3
1630183,Jaden McDaniels,MIN,1.5,0.472,4.069767441860465,78.48837209302324,48.7
1630560,Cam Thomas,MIL,2.6,0.407,63.95348837209303,38.372093023255815,48.6
1628401,Derrick White,BOS,2.0,0.434,41.86046511627907,52.32558139534884,48.1
2544,LeBron James,LAL,2.6,0.405,63.95348837209303,37.2093023255814,47.9
203076,Anthony Davis,WAS,3.7,0.378,86.62790697674419,22.093023255813954,47.9
1642843,Cooper Flagg,DAL,3.5,0.38,84.30232558139535,23.25581395348837,47.7
1642273,Kyshawn George,WAS,2.0,0.426,41.86046511627907,50.0,46.7
203484,Kentavious Caldwell-Pope,MEM,1.6,0.451,11.046511627906977,61.627906976744185,41.4
1631097,Bennedict Mathurin,LAC,2.3,0.397,52.90697674418605,33.13953488372093,41.0
1630202,Payton Pritchard,BOS,1.8,0.424,25.0,48.837209302325576,39.3
1642846,Ace Bailey,UTA,2.8,0.364,70.93023255813954,14.534883720930234,37.1
1629008,Michael Porter Jr.,BKN,2.8,0.361,70.93023255813954,12.790697674418606,36.0
1631095,Jabari Smith Jr.,HOU,1.9,0.403,34.883720930232556,36.04651162790697,35.6
1627783,Pascal Siakam,IND,3.1,0.345,78.48837209302324,6.976744186046512,35.6
1631094,Paolo Banchero,ORL,2.6,0.365,63.95348837209303,16.27906976744186,35.3
203944,Julius Randle,MIN,2.2,0.384,49.41860465116279,25.581395348837212,35.1
1631101,Shaedon Sharpe,POR,3.1,0.331,78.48837209302324,5.813953488372093,34.9
1631114,Jalen Williams,OKC,2.3,0.373,52.90697674418605,19.767441860465116,33.0
1629630,Ja Morant,MEM,1.9,0.395,34.883720930232556,31.3953488372093,32.8
1630540,Miles McBride,NYK,1.6,0.418,11.046511627906977,46.51162790697674,32.3
1631099,Keegan Murray,SAC,2.4,0.364,57.55813953488372,14.534883720930234,31.7
1629014,Anfernee Simons,CHI,1.9,0.392,34.883720930232556,29.069767441860467,31.4
1629636,Darius Garland,LAC,1.6,0.414,11.046511627906977,44.76744186046512,31.3
203952,Andrew Wiggins,MIA,1.5,0.414,4.069767441860465,44.76744186046512,28.5
1642948,Ryan Nembhard,DAL,1.8,0.393,25.0,30.23255813953488,28.1
1629639,Tyler Herro,MIA,1.9,0.375,34.883720930232556,20.930232558139537,26.5
203552,Seth Curry,GSW,1.8,0.389,25.0,26.744186046511626,26.0
1628369,Jayson Tatum,BOS,2.3,0.351,52.90697674418605,8.13953488372093,26.0
203507,Giannis Antetokounmpo,MIL,2.3,0.268,52.90697674418605,1.1627906976744187,21.9
1642263,Reed Sheppard,HOU,1.5,0.397,4.069767441860465,33.13953488372093,21.5
203471,Dennis Schröder,CLE,1.7,0.381,16.86046511627907,24.418604651162788,21.4
1626181,Norman Powell,MIA,1.6,0.391,11.046511627906977,27.906976744186046,21.2
1641706,Brandon Miller,CHA,1.7,0.369,16.86046511627907,17.441860465116278,17.2
1628389,Bam Adebayo,MIA,1.8,0.359,25.0,11.627906976744185,17.0
201566,Russell Westbrook,SAC,1.8,0.353,25.0,9.30232558139535,15.6
202691,Klay Thompson,DAL,1.6,0.372,11.046511627906977,18.6046511627907,15.6
202710,Jimmy Butler III,GSW,1.8,0.329,25.0,4.069767441860465,12.4
1628374,Lauri Markkanen,UTA,1.8,0.289,25.0,2.3255813953488373,11.4
1630578,Alperen Sengun,HOU,1.5,0.355,4.069767441860465,10.465116279069768,7.9
1642259,Alex Sarr,WAS,1.5,0.329,4.069767441860465,4.069767441860465,4.1
