PLAYER_ID,PLAYER_NAME,TEAM_ABBREVIATION,AGE,GP,MIN,FGM,FGA,FG_PCT,FG3M,FG3A,FG3_PCT,FTM,FTA,FT_PCT,OREB,DREB,REB,AST,TOV,STL,BLK,PTS,PLUS_MINUS,OFF_RATING,DEF_RATING,NET_RATING,AST_PCT,OREB_PCT,DREB_PCT,REB_PCT,EFG_PCT,TS_PCT,USG_PCT,PACE,PIE,SEASON,SEASON_END,SCORING_SCORE,PLAYMAKING_SCORE,OFFENSE_SCORE,DEFENSE_SCORE,ALL_ROUND_SCORE,THREE_POINT_SCORE
2544,LeBron James,LAL,41.0,60,33.2,7.9,15.3,0.515,1.3,4.1,0.317,3.9,5.3,0.737,0.7,5.4,6.1,7.2,3.0,1.2,0.6,20.9,2.0,115.0,112.4,2.6,0.338,0.023,0.16,0.093,0.557,0.594,0.262,100.29,0.154,2025-26,2026,78.0,83.3,79.9,75.9,78.3,30.5
201142,Kevin Durant,HOU,37.0,78,36.4,9.2,17.6,0.52,2.4,5.8,0.413,5.2,6.0,0.874,0.5,4.9,5.5,4.8,3.2,0.8,0.9,26.0,4.4,117.9,112.4,5.5,0.203,0.014,0.131,0.073,0.588,0.641,0.263,98.14,0.15,2025-26,2026,93.4,72.5,86.1,66.8,78.4,88.2
201143,Al Horford,GSW,40.0,45,21.5,3.1,7.2,0.426,1.6,4.6,0.361,0.5,0.6,0.846,1.0,3.9,4.9,2.6,0.9,0.7,1.1,8.3,-0.2,112.7,113.5,-0.9,0.171,0.043,0.184,0.111,0.54,0.554,0.163,101.08,0.104,2025-26,2026,44.1,63.3,50.8,68.3,57.8,56.3
201144,Mike Conley,MIN,38.0,54,18.4,1.3,4.0,0.335,1.0,3.1,0.337,0.8,0.9,0.9,0.3,1.4,1.7,2.9,0.6,0.6,0.3,4.5,0.3,112.3,112.1,0.2,0.205,0.017,0.074,0.045,0.465,0.517,0.113,102.58,0.061,2025-26,2026,16.7,72.5,36.2,36.2,36.2,27.1
201566,Russell Westbrook,SAC,37.0,64,28.9,5.6,13.1,0.427,2.0,5.9,0.338,2.0,2.9,0.694,1.3,4.2,5.4,6.7,3.3,1.3,0.2,15.2,-7.1,110.0,122.1,-12.1,0.33,0.042,0.147,0.093,0.503,0.528,0.252,102.15,0.105,2025-26,2026,63.5,81.9,69.9,49.6,61.8,56.7
201567,Kevin Love,UTA,37.0,37,16.6,2.1,5.4,0.397,1.4,3.8,0.373,1.0,1.2,0.841,1.5,4.3,5.8,1.8,0.8,0.4,0.2,6.7,-2.2,115.8,122.5,-6.7,0.145,0.083,0.256,0.167,0.53,0.568,0.161,104.18,0.103,2025-26,2026,38.3,49.7,42.3,31.2,37.9,54.8
201572,Brook Lopez,LAC,38.0,75,21.8,3.1,7.2,0.428,1.5,4.2,0.36,0.7,1.0,0.757,0.6,3.0,3.6,1.3,0.8,0.6,1.2,8.5,0.6,113.9,112.7,1.2,0.087,0.03,0.135,0.085,0.533,0.552,0.171,97.8,0.076,2025-26,2026,44.1,31.7,39.7,61.9,48.6,52.8
201587,Nicolas Batum,LAC,37.0,74,17.5,1.3,3.2,0.403,1.2,3.1,0.404,0.1,0.1,0.818,0.3,2.2,2.5,0.9,0.5,0.6,0.3,4.0,-0.2,113.2,113.8,-0.5,0.069,0.018,0.119,0.071,0.597,0.603,0.092,98.96,0.058,2025-26,2026,30.9,23.7,28.4,41.2,33.5,59.7
201935,James Harden,CLE,36.0,70,34.8,7.0,16.0,0.434,3.1,8.2,0.375,6.6,7.5,0.884,0.6,4.2,4.8,8.0,3.5,1.1,0.4,23.6,1.4,118.8,117.0,1.8,0.347,0.017,0.119,0.07,0.529,0.61,0.279,98.24,0.143,2025-26,2026,90.6,84.0,88.3,55.6,75.2,83.0
201939,Stephen Curry,GSW,38.0,43,30.9,8.7,18.6,0.468,4.4,11.3,0.393,4.7,5.1,0.923,0.4,3.2,3.6,4.7,2.8,1.1,0.4,26.6,2.1,117.6,114.8,2.8,0.245,0.013,0.1,0.057,0.587,0.637,0.308,103.66,0.146,2025-26,2026,95.7,74.7,88.4,55.4,75.2,91.6
201942,DeMar DeRozan,SAC,36.0,77,31.2,6.5,13.1,0.497,0.6,1.9,0.32,4.9,5.6,0.868,0.5,2.5,2.9,4.1,1.2,1.0,0.3,18.4,-7.6,110.6,122.3,-11.7,0.196,0.015,0.081,0.047,0.52,0.594,0.222,101.26,0.111,2025-26,2026,68.1,77.1,71.2,38.2,58.0,
201950,Jrue Holiday,POR,36.0,53,29.4,6.0,13.4,0.451,2.6,6.8,0.378,1.7,2.0,0.838,1.3,3.3,4.6,6.1,2.8,1.0,0.1,16.3,3.7,114.6,108.6,6.1,0.302,0.042,0.108,0.074,0.548,0.573,0.227,103.5,0.124,2025-26,2026,74.4,80.9,76.7,51.5,66.6,80.0
202331,Paul George,PHI,36.0,37,30.7,6.1,13.9,0.439,2.7,6.9,0.392,2.5,3.0,0.82,0.5,4.8,5.3,3.6,1.7,1.7,0.4,17.3,2.4,115.0,111.4,3.6,0.175,0.017,0.147,0.081,0.536,0.57,0.229,100.33,0.117,2025-26,2026,76.1,68.1,73.3,74.2,73.7,86.6
202685,Jonas Valanciunas,DEN,34.0,65,13.4,3.5,6.0,0.582,0.1,0.4,0.308,1.6,2.1,0.772,1.6,3.4,5.1,1.2,1.1,0.2,0.6,8.7,-0.7,114.6,116.6,-2.0,0.15,0.124,0.246,0.187,0.592,0.63,0.26,97.23,0.15,2025-26,2026,47.6,33.7,42.7,47.0,44.5,
202691,Klay Thompson,DAL,36.0,69,21.7,4.1,10.6,0.393,2.9,7.6,0.383,0.5,0.7,0.766,0.3,1.8,2.1,1.4,0.9,0.5,0.3,11.7,-1.9,106.3,111.0,-4.7,0.096,0.011,0.074,0.043,0.532,0.541,0.214,106.06,0.077,2025-26,2026,59.0,34.5,50.5,34.6,44.1,84.5
202695,Kawhi Leonard,LAC,35.0,65,32.1,9.8,19.4,0.505,2.6,6.8,0.387,5.7,6.4,0.892,1.1,5.3,6.4,3.6,2.0,1.9,0.4,27.9,5.2,120.3,112.8,7.5,0.193,0.036,0.162,0.102,0.573,0.629,0.326,97.53,0.185,2025-26,2026,94.0,67.7,84.8,73.8,80.4,83.5
202696,Nikola Vučević,BOS,35.0,64,28.4,6.2,12.5,0.493,1.6,4.2,0.369,1.2,1.5,0.828,2.0,6.4,8.4,3.3,1.3,0.6,0.6,15.1,-0.7,113.1,114.8,-1.7,0.175,0.067,0.211,0.141,0.556,0.574,0.213,101.99,0.127,2025-26,2026,68.6,68.0,68.4,57.7,64.1,59.8
202699,Tobias Harris,DET,33.0,63,27.7,4.9,10.5,0.469,1.3,3.5,0.368,2.2,2.5,0.866,0.9,4.3,5.1,2.5,1.0,0.9,0.4,13.3,5.8,118.6,108.6,10.0,0.12,0.03,0.145,0.088,0.531,0.574,0.181,100.9,0.112,2025-26,2026,61.5,56.3,59.7,68.3,63.1,50.3
202710,Jimmy Butler III,GSW,36.0,38,31.1,6.3,12.2,0.519,0.8,2.2,0.376,6.5,7.6,0.864,2.3,3.2,5.6,4.9,1.6,1.4,0.2,20.0,4.9,116.6,109.2,7.3,0.24,0.073,0.101,0.087,0.554,0.646,0.226,101.73,0.155,2025-26,2026,78.2,78.8,78.4,59.8,71.0,36.3
203076,Anthony Davis,WAS,33.0,20,31.3,8.5,16.7,0.506,0.5,1.9,0.27,3.0,4.1,0.728,3.1,8.0,11.1,2.8,2.1,1.1,1.7,20.4,-2.5,110.0,114.6,-4.6,0.14,0.099,0.24,0.172,0.521,0.551,0.272,101.27,0.151,2025-26,2026,61.4,56.9,59.8,80.9,68.3,
203083,Andre Drummond,PHI,32.0,63,19.5,2.5,5.3,0.472,0.5,1.4,0.356,0.8,1.3,0.631,3.2,5.3,8.4,1.3,1.0,0.6,0.8,6.4,-1.4,110.3,113.6,-3.2,0.09,0.145,0.264,0.202,0.519,0.539,0.143,100.54,0.113,2025-26,2026,23.5,29.9,25.7,64.2,41.1,
203084,Harrison Barnes,SAS,34.0,77,25.8,3.4,7.5,0.456,1.8,4.6,0.388,1.3,1.6,0.829,0.8,2.0,2.8,1.9,0.8,0.6,0.2,9.9,4.3,118.4,110.6,7.8,0.097,0.03,0.071,0.051,0.577,0.608,0.144,101.69,0.075,2025-26,2026,61.6,46.3,56.3,33.7,47.2,71.3
203110,Draymond Green,GSW,36.0,68,27.5,3.0,7.2,0.418,1.5,4.6,0.326,0.9,1.2,0.702,0.8,4.7,5.5,5.5,2.7,0.9,0.6,8.4,-2.0,109.4,113.6,-4.3,0.278,0.029,0.168,0.098,0.52,0.54,0.158,101.72,0.084,2025-26,2026,41.5,78.9,54.6,67.8,59.9,39.7
203114,Khris Middleton,DAL,34.0,63,22.8,3.6,8.6,0.42,1.1,3.0,0.36,1.9,2.2,0.875,0.8,2.9,3.7,2.8,1.7,0.7,0.1,10.2,-5.3,110.0,121.1,-11.1,0.171,0.033,0.118,0.075,0.482,0.533,0.198,103.88,0.073,2025-26,2026,44.3,60.8,50.0,27.4,41.0,40.0
203468,CJ McCollum,ATL,34.0,76,29.8,6.9,15.2,0.455,2.5,6.7,0.375,2.4,3.1,0.772,0.8,2.5,3.3,3.9,1.8,0.8,0.5,18.7,1.2,113.6,112.0,1.5,0.194,0.025,0.077,0.051,0.538,0.566,0.247,103.12,0.105,2025-26,2026,76.2,72.0,74.7,51.5,65.4,78.0
203471,Dennis Schröder,CLE,32.0,70,24.2,3.6,9.0,0.405,1.1,3.3,0.329,2.4,2.9,0.834,0.5,2.2,2.7,4.9,1.8,0.8,0.2,10.8,-3.4,110.8,117.0,-6.2,0.294,0.019,0.089,0.054,0.465,0.526,0.21,100.28,0.094,2025-26,2026,45.1,79.4,57.1,32.6,47.3,27.7
203484,Kentavious Caldwell-Pope,MEM,33.0,51,21.3,2.9,7.2,0.41,1.1,3.4,0.316,1.4,1.6,0.913,0.4,2.1,2.5,2.7,1.2,0.8,0.2,8.4,-2.2,110.8,115.3,-4.5,0.181,0.017,0.094,0.054,0.485,0.533,0.173,102.31,0.083,2025-26,2026,36.9,63.4,46.2,35.9,42.1,23.4
203497,Rudy Gobert,MIN,34.0,76,31.3,4.4,6.5,0.682,0.0,0.1,0.0,2.1,4.0,0.526,3.9,7.5,11.5,1.7,1.4,0.8,1.6,10.9,3.1,113.0,108.0,5.0,0.074,0.121,0.222,0.173,0.682,0.664,0.127,101.49,0.121,2025-26,2026,56.2,34.3,48.5,83.0,62.3,
203500,Steven Adams,HOU,32.0,32,22.8,2.2,4.3,0.504,0.0,0.0,0.0,1.5,2.5,0.58,4.5,4.1,8.6,1.5,1.1,0.7,0.6,5.8,6.1,117.3,105.5,11.8,0.084,0.189,0.165,0.177,0.504,0.535,0.116,97.69,0.1,2025-26,2026,17.6,33.5,23.2,70.9,42.3,
203501,Tim Hardaway Jr.,DEN,34.0,80,26.6,4.4,9.7,0.447,2.8,6.9,0.407,2.0,2.5,0.811,0.2,2.4,2.6,1.4,0.5,0.5,0.1,13.5,2.5,119.4,114.9,4.5,0.07,0.008,0.082,0.047,0.591,0.624,0.177,101.24,0.085,2025-26,2026,78.5,34.6,63.1,18.8,45.4,91.4
203507,Giannis Antetokounmpo,MIL,31.0,36,28.9,10.4,16.6,0.624,0.4,1.3,0.333,6.4,9.9,0.65,2.7,7.1,9.8,5.4,3.2,0.9,0.7,27.6,2.7,119.4,114.9,4.4,0.344,0.098,0.233,0.168,0.636,0.658,0.358,99.9,0.213,2025-26,2026,80.3,78.8,79.8,69.8,75.8,
203897,Zach LaVine,SAC,31.0,39,31.4,6.7,14.0,0.479,2.5,6.5,0.39,3.2,3.6,0.88,0.2,2.6,2.8,2.3,1.9,0.7,0.3,19.2,-7.9,109.3,121.9,-12.6,0.111,0.006,0.083,0.044,0.569,0.614,0.234,100.47,0.096,2025-26,2026,85.9,47.1,72.4,29.8,55.3,83.7
203903,Jordan Clarkson,NYK,34.0,72,17.8,3.3,7.3,0.451,1.0,3.0,0.327,1.1,1.3,0.83,0.9,0.9,1.8,1.3,0.9,0.4,0.1,8.6,1.5,115.4,111.7,3.7,0.11,0.047,0.049,0.048,0.517,0.548,0.203,98.78,0.068,2025-26,2026,39.3,34.0,37.5,19.6,30.3,22.9
203914,Gary Harris,MIL,31.0,48,13.8,1.0,2.2,0.442,0.6,1.4,0.412,0.2,0.2,0.889,0.3,0.9,1.3,1.1,0.4,0.6,0.2,2.7,-2.8,105.9,115.5,-9.6,0.105,0.025,0.072,0.048,0.577,0.593,0.082,98.9,0.048,2025-26,2026,20.9,34.0,25.5,24.4,25.1,
203924,Jerami Grant,POR,32.0,57,29.7,5.8,12.8,0.453,2.4,6.1,0.389,4.6,5.6,0.814,1.0,2.5,3.5,2.1,2.1,0.7,0.6,18.6,-0.1,114.9,115.2,-0.3,0.107,0.03,0.082,0.055,0.547,0.608,0.228,104.02,0.094,2025-26,2026,83.7,42.7,69.4,45.1,59.7,81.9
203926,Doug McDermott,SAC,34.0,29,15.1,1.9,4.8,0.388,1.7,4.2,0.39,0.3,0.3,0.889,0.2,1.0,1.3,0.8,0.4,0.2,0.1,5.7,-3.5,104.2,115.3,-11.1,0.073,0.014,0.068,0.04,0.561,0.574,0.146,101.48,0.055,2025-26,2026,37.0,22.7,32.0,10.6,23.4,70.3
203932,Aaron Gordon,DEN,30.0,36,27.9,5.5,11.1,0.497,1.7,4.4,0.389,3.5,4.5,0.767,1.4,4.4,5.8,2.7,1.1,0.6,0.3,16.2,7.6,124.7,112.0,12.7,0.13,0.052,0.148,0.102,0.574,0.62,0.213,99.99,0.117,2025-26,2026,78.7,60.5,72.3,49.2,63.1,69.8
203935,Marcus Smart,LAL,32.0,62,28.5,3.0,7.7,0.395,1.6,4.7,0.331,1.7,2.1,0.822,0.6,2.2,2.8,3.0,1.5,1.4,0.4,9.3,4.1,117.3,110.6,6.8,0.133,0.022,0.077,0.05,0.497,0.543,0.151,100.07,0.059,2025-26,2026,47.0,60.8,51.8,62.2,56.0,44.3
203937,Kyle Anderson,MIN,32.0,43,19.8,2.5,4.7,0.53,0.1,0.3,0.364,1.1,1.6,0.706,1.0,2.5,3.5,2.9,0.9,1.0,0.6,6.2,-1.9,107.4,111.6,-4.2,0.204,0.047,0.121,0.084,0.54,0.573,0.131,103.85,0.095,2025-26,2026,26.8,69.3,41.7,68.7,52.5,
203939,Dwight Powell,DAL,34.0,63,14.4,1.0,1.6,0.644,0.0,0.1,0.286,1.2,1.8,0.696,1.5,2.6,4.1,1.1,0.7,0.5,0.3,3.3,-0.1,110.4,110.9,-0.5,0.095,0.101,0.17,0.136,0.653,0.699,0.084,104.58,0.073,2025-26,2026,26.7,30.0,27.9,49.3,36.5,
203944,Julius Randle,MIN,31.0,79,33.0,7.3,15.3,0.481,1.4,4.4,0.315,5.0,6.3,0.802,1.7,5.1,6.7,5.0,2.7,1.1,0.2,21.1,2.9,117.0,113.1,4.0,0.227,0.05,0.146,0.099,0.526,0.585,0.258,102.3,0.128,2025-26,2026,77.6,75.1,76.7,56.7,68.7,32.3
203952,Andrew Wiggins,MIA,31.0,68,30.3,5.7,12.1,0.475,2.0,4.9,0.414,1.9,2.4,0.784,1.7,3.1,4.8,2.7,1.5,1.1,1.0,15.4,0.1,113.7,113.9,-0.1,0.123,0.051,0.098,0.074,0.559,0.586,0.194,104.97,0.092,2025-26,2026,74.4,57.0,68.3,66.8,67.7,83.5
203954,Joel Embiid,PHI,32.0,38,31.6,9.0,18.3,0.489,1.4,4.2,0.333,7.5,8.8,0.854,2.0,5.7,7.7,3.9,2.9,0.6,1.2,26.9,4.1,119.1,113.2,5.8,0.209,0.063,0.169,0.118,0.527,0.605,0.336,100.69,0.163,2025-26,2026,83.6,70.4,79.0,64.4,73.2,39.2
203991,Clint Capela,HOU,32.0,75,12.3,1.6,3.0,0.52,0.0,0.0,0.5,0.6,1.0,0.577,2.1,2.5,4.6,0.7,0.5,0.5,0.8,3.8,2.2,113.1,105.1,8.0,0.072,0.158,0.181,0.169,0.522,0.54,0.133,98.6,0.11,2025-26,2026,9.1,19.7,12.8,67.8,34.8,
203992,Bogdan Bogdanović,LAC,33.0,23,19.7,2.6,6.6,0.388,1.4,4.1,0.347,0.9,1.1,0.8,0.3,2.3,2.6,2.2,1.2,0.4,0.1,7.4,-1.3,109.1,113.5,-4.4,0.184,0.014,0.112,0.066,0.497,0.525,0.185,96.68,0.069,2025-26,2026,34.2,55.7,41.7,25.3,35.2,44.0
203994,Jusuf Nurkić,UTA,31.0,41,26.4,4.4,8.7,0.503,0.6,1.7,0.352,1.5,2.8,0.549,2.6,7.8,10.4,4.8,2.5,1.3,0.5,10.9,-4.6,109.5,117.4,-7.9,0.261,0.089,0.279,0.182,0.538,0.548,0.186,105.32,0.121,2025-26,2026,43.7,75.9,55.0,70.7,61.3,
203999,Nikola Jokić,DEN,31.0,65,34.8,9.9,17.4,0.569,1.7,4.5,0.38,6.1,7.4,0.831,3.0,9.9,12.9,10.7,3.7,1.4,0.8,27.7,8.5,126.1,115.3,10.8,0.458,0.089,0.27,0.185,0.618,0.67,0.289,102.59,0.213,2025-26,2026,92.2,85.1,89.7,79.3,85.5,66.1
204001,Kristaps Porziņģis,GSW,30.0,32,24.0,5.4,12.1,0.446,1.7,5.0,0.338,4.2,4.9,0.842,1.3,4.0,5.2,2.5,1.3,0.6,1.2,16.7,1.4,113.8,110.8,3.0,0.162,0.05,0.158,0.104,0.515,0.582,0.265,103.63,0.124,2025-26,2026,73.3,57.6,67.8,67.7,67.8,49.5
204456,T.J. McConnell,IND,34.0,56,17.2,4.3,8.0,0.538,0.3,0.9,0.32,0.4,0.5,0.862,0.4,1.8,2.2,5.1,1.1,1.0,0.2,9.4,-2.4,109.1,116.7,-7.6,0.469,0.022,0.104,0.063,0.556,0.567,0.227,103.65,0.15,2025-26,2026,40.2,85.8,56.1,42.3,50.6,
1626145,Tyus Jones,DEN,30.0,67,14.6,1.1,3.3,0.349,0.6,2.0,0.292,0.1,0.1,0.778,0.2,1.0,1.1,2.4,0.4,0.6,0.0,3.0,-1.6,107.5,113.6,-6.1,0.222,0.011,0.065,0.036,0.44,0.448,0.103,101.09,0.065,2025-26,2026,5.6,68.0,27.4,20.1,24.5,4.4
1626156,D'Angelo Russell,WAS,30.0,26,19.0,3.6,8.9,0.405,1.3,4.3,0.295,1.7,2.3,0.717,0.3,2.0,2.3,4.0,1.9,0.5,0.1,10.2,-1.6,107.9,111.3,-3.4,0.328,0.016,0.092,0.057,0.476,0.511,0.261,104.0,0.098,2025-26,2026,43.3,76.7,55.0,27.8,44.1,26.8
1626157,Karl-Anthony Towns,NYK,30.0,75,31.0,6.9,13.8,0.501,1.5,4.1,0.368,4.8,5.5,0.858,3.1,8.7,11.9,3.0,2.5,0.9,0.5,20.1,5.0,118.8,111.8,7.0,0.142,0.101,0.283,0.192,0.556,0.619,0.251,99.48,0.154,2025-26,2026,82.5,57.8,73.8,73.0,73.5,56.4
1626162,Kelly Oubre Jr.,PHI,30.0,50,31.5,5.1,10.9,0.467,1.7,4.8,0.36,2.2,2.9,0.766,1.0,4.0,5.0,1.6,1.4,1.4,0.5,14.1,-1.3,115.3,117.2,-1.9,0.073,0.031,0.121,0.077,0.546,0.58,0.179,100.39,0.083,2025-26,2026,68.7,32.3,56.0,62.6,58.6,57.8
1626164,Devin Booker,PHX,29.0,64,33.5,8.5,18.7,0.456,1.9,5.8,0.33,7.1,8.1,0.873,0.8,3.1,3.9,6.0,3.1,0.8,0.3,26.1,3.1,115.9,112.0,3.9,0.293,0.021,0.091,0.055,0.507,0.585,0.307,100.72,0.142,2025-26,2026,83.4,80.2,82.3,46.5,68.0,50.2
1626166,Cameron Payne,PHI,31.0,22,17.0,2.5,6.8,0.376,1.5,4.4,0.33,0.9,1.0,0.864,0.1,1.9,2.0,2.6,0.5,1.1,0.3,7.4,-2.9,105.5,113.6,-8.1,0.22,0.007,0.103,0.055,0.483,0.514,0.183,104.63,0.096,2025-26,2026,33.6,70.2,46.4,54.0,49.5,40.9
1626167,Myles Turner,MIL,30.0,71,26.9,4.0,9.1,0.44,2.1,5.4,0.383,1.8,2.5,0.74,1.1,4.3,5.3,1.5,1.2,0.7,1.6,11.9,-3.2,109.6,115.8,-6.2,0.079,0.039,0.152,0.096,0.553,0.584,0.181,100.47,0.086,2025-26,2026,65.6,32.1,53.9,62.7,57.4,76.3
1626171,Bobby Portis Jr.,MIL,31.0,67,24.2,5.5,11.2,0.488,2.0,4.4,0.456,0.7,1.0,0.706,1.3,5.1,6.4,1.6,1.0,0.6,0.2,13.7,-4.0,110.2,118.4,-8.2,0.103,0.055,0.198,0.129,0.578,0.587,0.225,98.78,0.122,2025-26,2026,70.7,39.6,59.8,37.7,51.0,86.5
1626172,Kevon Looney,NOP,30.0,21,14.6,1.2,2.9,0.417,0.1,0.6,0.154,0.3,0.5,0.7,2.3,3.3,5.6,1.6,0.4,0.4,0.5,2.8,-3.0,105.3,115.7,-10.4,0.148,0.132,0.214,0.171,0.433,0.458,0.096,102.64,0.093,2025-26,2026,3.1,50.0,19.5,47.7,30.8,
1626181,Norman Powell,MIA,33.0,58,29.6,7.3,15.4,0.47,2.7,7.1,0.38,4.5,5.5,0.827,0.4,3.1,3.5,2.5,1.9,1.1,0.2,21.7,0.7,114.7,114.1,0.6,0.123,0.012,0.097,0.054,0.558,0.609,0.262,105.69,0.113,2025-26,2026,88.9,51.1,75.6,46.7,64.1,81.9
1626204,Larry Nance Jr.,CLE,33.0,35,12.8,1.5,3.5,0.419,0.6,1.8,0.333,0.2,0.4,0.462,0.8,1.8,2.7,1.0,0.6,0.6,0.2,3.7,-0.5,108.2,111.1,-2.9,0.105,0.058,0.143,0.098,0.504,0.505,0.137,101.61,0.062,2025-26,2026,8.3,30.4,16.1,45.1,27.7,
1626220,Royce O'Neale,PHX,33.0,78,28.4,3.4,8.0,0.421,2.7,6.7,0.408,0.3,0.5,0.711,0.8,4.0,4.8,2.7,1.3,1.1,0.4,9.8,-1.4,111.4,115.1,-3.6,0.129,0.025,0.139,0.081,0.59,0.596,0.139,100.64,0.082,2025-26,2026,63.5,59.0,61.9,61.0,61.5,90.7
1627739,Kris Dunn,LAC,32.0,82,27.2,2.8,5.8,0.476,1.0,2.6,0.374,0.8,1.0,0.765,0.7,2.6,3.3,3.6,1.4,1.6,0.2,7.3,0.2,114.6,114.1,0.5,0.179,0.028,0.097,0.063,0.56,0.581,0.122,98.23,0.074,2025-26,2026,39.7,70.2,50.3,51.6,50.8,41.9
1627741,Buddy Hield,ATL,33.0,51,16.1,2.8,6.4,0.437,1.5,4.2,0.349,0.6,0.7,0.811,0.5,1.7,2.3,1.4,0.9,0.8,0.2,7.6,-1.7,110.2,115.0,-4.9,0.129,0.032,0.106,0.069,0.55,0.568,0.192,103.88,0.085,2025-26,2026,43.4,38.7,41.7,38.9,40.6,48.4
1627742,Brandon Ingram,TOR,28.0,77,33.8,8.0,16.7,0.477,1.8,4.6,0.382,3.8,4.6,0.82,0.8,4.8,5.6,3.7,2.4,0.8,0.7,21.5,0.6,114.6,113.7,1.0,0.169,0.024,0.144,0.083,0.529,0.573,0.264,98.87,0.121,2025-26,2026,78.0,66.5,74.0,63.4,69.8,68.7
1627747,Caris LeVert,DET,31.0,60,19.2,2.7,6.5,0.417,1.0,3.0,0.333,1.0,1.4,0.679,0.4,1.6,2.0,2.7,1.4,0.9,0.7,7.4,-0.1,108.6,107.7,0.8,0.202,0.018,0.074,0.047,0.494,0.518,0.178,101.1,0.081,2025-26,2026,29.6,63.2,41.3,63.9,50.3,25.6
1627750,Jamal Murray,DEN,29.0,75,35.4,8.8,18.1,0.483,3.3,7.5,0.435,4.6,5.2,0.887,0.4,4.0,4.4,7.1,2.3,0.9,0.4,25.4,5.8,124.4,117.7,6.8,0.298,0.013,0.109,0.063,0.573,0.622,0.269,99.84,0.142,2025-26,2026,93.3,83.6,89.9,48.5,73.3,97.9
1627751,Jakob Poeltl,TOR,30.0,46,25.0,4.7,6.7,0.7,0.0,0.0,0.0,1.3,2.1,0.602,2.5,4.5,7.0,2.0,1.2,0.9,0.7,10.7,1.0,114.7,112.6,2.0,0.111,0.102,0.188,0.145,0.7,0.698,0.15,100.36,0.115,2025-26,2026,56.7,46.6,53.2,72.9,61.0,
1627752,Taurean Prince,MIL,32.0,26,23.5,3.3,7.3,0.45,2.3,5.4,0.436,0.2,0.2,1.0,0.2,3.0,3.1,1.8,1.2,0.6,0.2,9.2,-2.0,113.7,117.5,-3.8,0.102,0.007,0.125,0.067,0.61,0.617,0.157,99.88,0.073,2025-26,2026,63.3,41.5,55.7,31.8,46.1,89.6
1627759,Jaylen Brown,BOS,29.0,71,34.4,10.4,21.7,0.477,2.0,5.7,0.347,6.0,7.5,0.795,1.1,5.8,6.9,5.1,3.6,1.0,0.4,28.7,4.5,119.5,113.0,6.5,0.251,0.032,0.155,0.095,0.522,0.573,0.351,97.73,0.152,2025-26,2026,82.8,75.3,80.2,65.4,74.3,59.7
1627780,Gary Payton II,GSW,33.0,73,15.6,3.3,5.7,0.583,0.5,1.7,0.291,0.4,0.5,0.65,1.4,2.2,3.6,1.7,0.8,0.9,0.3,7.5,-1.5,111.2,113.5,-2.3,0.164,0.084,0.143,0.113,0.628,0.632,0.177,102.7,0.114,2025-26,2026,44.5,49.5,46.3,55.9,50.1,
1627783,Pascal Siakam,IND,32.0,62,33.2,9.0,18.6,0.484,1.7,4.7,0.358,4.2,6.1,0.693,1.4,5.2,6.6,3.8,2.2,1.1,0.4,24.0,-3.7,111.5,117.2,-5.6,0.19,0.041,0.151,0.095,0.529,0.562,0.292,102.95,0.13,2025-26,2026,76.3,69.6,73.9,59.7,68.2,56.8
1627824,Guerschon Yabusele,CHI,30.0,67,15.0,1.9,4.7,0.401,1.0,2.9,0.352,0.8,1.1,0.75,0.8,2.7,3.5,0.9,0.6,0.4,0.2,5.6,-2.5,107.4,115.3,-7.9,0.087,0.052,0.17,0.11,0.511,0.543,0.155,103.86,0.077,2025-26,2026,24.5,25.5,24.8,33.5,28.3,32.8
1627826,Ivica Zubac,IND,29.0,48,30.1,6.0,10.0,0.598,0.0,0.0,0.0,2.1,3.0,0.711,3.4,7.2,10.6,2.2,1.8,0.4,0.8,14.1,-1.0,115.6,117.9,-2.4,0.11,0.117,0.234,0.178,0.598,0.622,0.186,97.51,0.13,2025-26,2026,62.3,45.8,56.5,50.8,54.2,
1627827,Dorian Finney-Smith,HOU,33.0,37,16.8,1.2,3.6,0.333,0.7,2.7,0.27,0.2,0.2,0.889,0.9,1.6,2.5,1.0,0.6,0.4,0.2,3.3,0.4,109.4,107.6,1.8,0.078,0.054,0.087,0.071,0.436,0.452,0.104,99.32,0.034,2025-26,2026,7.0,26.4,13.8,33.5,21.7,5.2
1627884,Derrick Jones Jr.,LAC,29.0,50,27.0,3.8,7.6,0.499,1.1,3.1,0.359,1.4,1.9,0.763,1.2,2.2,3.5,1.4,0.8,0.9,1.0,10.1,2.6,117.9,113.8,4.0,0.068,0.047,0.082,0.065,0.571,0.6,0.144,99.15,0.072,2025-26,2026,56.1,31.4,47.4,58.6,51.9,39.4
1627936,Alex Caruso,OKC,32.0,56,18.2,2.3,5.4,0.423,0.9,3.2,0.293,0.7,0.9,0.804,0.5,2.3,2.8,2.0,0.9,1.3,0.3,6.2,6.8,116.9,99.3,17.6,0.145,0.028,0.113,0.073,0.512,0.54,0.152,102.74,0.093,2025-26,2026,26.3,52.1,35.3,69.1,48.8,11.5
1628366,Lonzo Ball,CLE,28.0,35,20.8,1.5,5.0,0.301,1.1,4.2,0.272,0.4,0.6,0.667,0.7,3.3,4.0,3.9,1.5,1.3,0.3,4.6,0.9,111.0,109.7,1.3,0.236,0.032,0.148,0.089,0.415,0.432,0.13,104.87,0.077,2025-26,2026,15.7,75.8,36.7,70.7,50.3,18.6
1628368,De'Aaron Fox,SAS,28.0,72,31.0,7.1,14.5,0.486,1.8,5.5,0.332,2.6,3.4,0.76,0.6,3.2,3.8,6.2,2.3,1.2,0.3,18.6,6.3,118.8,108.9,9.9,0.286,0.018,0.092,0.056,0.549,0.578,0.242,103.67,0.117,2025-26,2026,75.8,81.9,77.9,61.1,71.2,48.7
1628370,Malik Monk,SAC,28.0,62,22.0,4.5,10.2,0.438,2.0,5.1,0.395,1.5,1.7,0.879,0.2,1.6,1.9,3.0,1.5,0.6,0.4,12.5,-4.1,110.0,118.3,-8.3,0.208,0.01,0.071,0.041,0.536,0.568,0.234,102.11,0.094,2025-26,2026,63.8,65.9,64.5,30.3,50.8,78.9
1628371,Jonathan Isaac,ORL,28.0,52,10.0,0.9,2.1,0.422,0.1,0.7,0.184,0.7,1.1,0.603,0.8,1.7,2.5,0.4,0.3,0.4,0.6,2.6,-0.7,104.7,106.1,-1.3,0.062,0.071,0.165,0.115,0.454,0.498,0.119,102.61,0.078,2025-26,2026,3.8,16.8,8.3,60.7,29.3,
1628374,Lauri Markkanen,UTA,29.0,42,34.3,9.1,19.2,0.477,2.7,7.7,0.355,5.7,6.4,0.896,2.0,4.9,6.9,2.1,1.5,1.0,0.5,26.7,-1.3,113.6,115.2,-1.5,0.101,0.054,0.134,0.094,0.548,0.608,0.269,104.48,0.139,2025-26,2026,90.6,44.4,74.5,61.4,69.3,71.5
1628378,Donovan Mitchell,CLE,29.0,70,33.5,9.7,20.0,0.483,3.2,8.8,0.364,5.3,6.1,0.865,0.7,3.8,4.5,5.7,2.8,1.5,0.3,27.9,5.3,119.3,112.1,7.2,0.266,0.021,0.108,0.065,0.563,0.613,0.311,103.13,0.152,2025-26,2026,93.3,79.2,88.4,62.1,77.9,79.3
1628379,Luke Kennard,LAL,30.0,78,21.5,3.0,5.7,0.533,1.5,3.1,0.478,0.8,0.9,0.913,0.4,1.9,2.3,2.2,0.8,0.7,0.1,8.4,0.5,114.2,113.7,0.5,0.139,0.019,0.086,0.053,0.665,0.689,0.131,101.7,0.089,2025-26,2026,59.9,56.2,58.6,29.4,46.9,74.5
1628381,John Collins,LAC,28.0,69,27.1,5.3,9.6,0.552,1.3,3.2,0.406,1.7,2.2,0.766,1.6,3.7,5.3,1.0,1.4,0.9,0.7,13.6,-0.6,113.9,115.1,-1.2,0.058,0.061,0.135,0.099,0.62,0.643,0.188,97.98,0.098,2025-26,2026,73.0,17.0,53.4,62.8,57.2,63.2
1628384,OG Anunoby,NYK,28.0,67,33.2,5.8,12.0,0.484,2.3,6.1,0.386,2.7,3.3,0.828,1.3,4.0,5.2,2.2,1.8,1.6,0.7,16.7,6.1,119.4,110.2,9.2,0.09,0.039,0.116,0.078,0.581,0.62,0.194,99.84,0.099,2025-26,2026,82.8,42.7,68.8,78.5,72.7,79.5
1628386,Jarrett Allen,CLE,28.0,56,27.1,6.0,9.4,0.638,0.0,0.2,0.1,3.3,4.7,0.709,2.6,5.9,8.5,1.8,1.3,1.0,0.8,15.4,3.8,119.3,112.9,6.4,0.092,0.097,0.202,0.152,0.639,0.669,0.196,102.56,0.143,2025-26,2026,67.8,39.2,57.8,77.2,65.6,
1628389,Bam Adebayo,MIA,28.0,73,32.4,6.9,15.7,0.442,1.7,5.5,0.318,4.5,5.8,0.778,2.0,8.0,10.0,3.2,1.6,1.2,0.7,20.1,4.5,117.1,111.0,6.1,0.142,0.059,0.236,0.146,0.497,0.551,0.248,103.89,0.138,2025-26,2026,71.4,62.4,68.3,83.6,74.4,42.0
1628392,Isaiah Hartenstein,OKC,28.0,47,24.2,3.9,6.3,0.622,0.0,0.1,0.0,1.4,2.2,0.61,3.2,6.3,9.4,3.5,1.7,1.0,0.8,9.2,7.8,118.8,103.2,15.6,0.189,0.13,0.243,0.188,0.622,0.631,0.153,100.69,0.143,2025-26,2026,48.4,68.1,55.3,87.1,68.0,
1628396,Tony Bradley,ATL,28.0,41,11.0,1.6,2.9,0.547,0.0,0.1,0.5,0.8,1.0,0.744,1.5,1.4,2.8,0.5,0.4,0.1,0.2,4.0,-3.4,104.6,118.8,-14.2,0.077,0.111,0.133,0.121,0.556,0.596,0.136,102.19,0.074,2025-26,2026,20.3,18.9,19.8,22.3,20.8,
1628398,Kyle Kuzma,MIL,30.0,69,26.2,4.9,10.0,0.492,1.2,3.5,0.347,2.0,2.7,0.726,0.8,3.7,4.5,2.7,1.7,0.7,0.4,13.0,-4.1,110.2,116.8,-6.6,0.153,0.032,0.134,0.084,0.552,0.581,0.212,100.59,0.096,2025-26,2026,61.7,58.0,60.4,46.9,55.0,38.4
1628401,Derrick White,BOS,31.0,77,34.1,5.7,14.4,0.394,2.7,8.3,0.327,2.4,2.6,0.902,1.1,3.3,4.4,5.4,1.7,1.1,1.3,16.5,7.8,119.3,108.0,11.3,0.221,0.032,0.09,0.061,0.489,0.529,0.216,96.35,0.109,2025-26,2026,67.8,79.0,71.7,75.7,73.3,60.7
1628404,Josh Hart,NYK,31.0,66,30.2,4.6,9.0,0.508,1.5,3.7,0.413,1.4,1.9,0.72,1.4,6.0,7.4,4.8,1.9,1.1,0.3,12.0,3.2,118.0,112.5,5.5,0.212,0.047,0.2,0.123,0.593,0.612,0.163,98.97,0.118,2025-26,2026,67.1,75.5,70.1,66.8,68.8,71.1
1628415,Dillon Brooks,PHX,30.0,56,30.4,7.4,17.1,0.435,2.3,6.6,0.344,3.0,3.6,0.842,0.8,2.9,3.6,1.8,1.8,1.0,0.2,20.2,-0.9,113.7,114.8,-1.1,0.095,0.024,0.094,0.058,0.501,0.54,0.279,100.54,0.088,2025-26,2026,73.0,36.6,60.3,42.8,53.3,62.4
1628418,Thomas Bryant,CLE,28.0,60,12.2,2.3,4.5,0.506,0.8,2.2,0.359,0.9,1.1,0.803,1.0,2.4,3.4,0.6,0.5,0.3,0.4,6.2,0.7,114.4,110.7,3.6,0.067,0.074,0.184,0.129,0.594,0.625,0.182,102.45,0.115,2025-26,2026,40.4,17.5,32.4,50.8,39.8,28.5
1628436,Luke Kornet,SAS,30.0,68,21.0,2.6,4.0,0.643,0.0,0.0,0.0,1.4,1.7,0.825,2.7,3.4,6.1,1.9,0.4,0.5,1.0,6.5,1.7,114.4,110.5,3.9,0.114,0.116,0.147,0.132,0.643,0.689,0.1,102.41,0.109,2025-26,2026,39.9,52.5,44.3,62.6,51.6,
1628467,Maxi Kleber,LAL,34.0,43,10.7,0.8,1.7,0.452,0.1,0.6,0.231,0.3,0.6,0.538,0.8,1.1,2.0,0.6,0.4,0.4,0.3,2.0,1.3,113.4,110.3,3.1,0.075,0.084,0.107,0.095,0.493,0.509,0.092,101.41,0.038,2025-26,2026,4.1,19.5,9.5,39.7,21.6,
1628960,Grayson Allen,PHX,30.0,51,28.8,5.3,13.1,0.403,3.1,8.9,0.349,2.8,3.3,0.857,0.7,2.3,3.0,3.8,1.6,1.4,0.3,16.5,0.4,113.9,113.8,0.1,0.206,0.023,0.081,0.051,0.522,0.568,0.231,99.12,0.105,2025-26,2026,74.8,72.9,74.2,52.2,65.4,71.9
1628963,Marvin Bagley III,DAL,27.0,60,20.0,4.2,6.9,0.618,0.4,0.9,0.462,1.6,2.4,0.66,2.5,3.6,6.1,1.4,1.0,0.5,0.7,10.5,-3.7,109.9,119.0,-9.1,0.107,0.116,0.171,0.143,0.647,0.661,0.18,103.2,0.123,2025-26,2026,57.3,35.1,49.5,48.4,49.1,
1628969,Mikal Bridges,NYK,29.0,82,32.8,5.8,11.7,0.49,1.9,5.1,0.371,1.0,1.2,0.827,1.0,2.8,3.8,3.7,1.0,1.3,0.8,14.4,3.6,118.0,112.0,6.0,0.158,0.029,0.085,0.057,0.571,0.587,0.17,98.88,0.099,2025-26,2026,72.0,72.7,72.3,68.6,70.8,66.7
1628970,Miles Bridges,CHA,28.0,77,31.0,6.2,13.5,0.46,1.9,5.8,0.333,2.7,3.3,0.822,1.0,4.9,5.8,3.2,1.4,0.6,0.4,17.1,1.9,118.3,114.8,3.5,0.154,0.03,0.155,0.092,0.531,0.57,0.221,98.66,0.114,2025-26,2026,72.6,64.4,69.7,48.7,61.3,52.0
1628971,Bruce Brown,DEN,29.0,82,24.4,3.0,6.4,0.475,0.7,1.8,0.385,1.2,1.5,0.762,1.0,2.8,3.9,2.1,1.1,1.0,0.2,7.9,-0.9,114.2,115.2,-1.0,0.121,0.043,0.109,0.077,0.53,0.562,0.142,100.24,0.069,2025-26,2026,35.9,49.9,40.8,45.2,42.6,
1628973,Jalen Brunson,NYK,29.0,74,35.0,9.3,19.9,0.467,2.6,7.1,0.369,4.8,5.7,0.841,0.4,2.9,3.3,6.8,2.4,0.8,0.1,26.0,4.8,120.2,114.1,6.1,0.307,0.012,0.083,0.047,0.533,0.58,0.296,98.25,0.135,2025-26,2026,85.2,83.2,84.5,31.0,63.1,76.5
1628975,Jevon Carter,ORL,30.0,53,16.4,2.3,5.8,0.401,1.5,4.1,0.363,0.3,0.4,0.789,0.3,1.4,1.7,1.6,0.7,0.8,0.2,6.4,-1.6,110.0,115.6,-5.7,0.148,0.015,0.085,0.048,0.528,0.537,0.166,101.62,0.074,2025-26,2026,32.5,47.5,37.7,33.4,36.0,54.6
1628976,Wendell Carter Jr.,ORL,27.0,78,29.3,4.2,8.2,0.512,0.9,2.9,0.319,2.5,3.2,0.792,2.1,5.3,7.4,2.0,1.3,0.8,0.6,11.8,1.2,113.5,111.3,2.2,0.095,0.07,0.177,0.124,0.568,0.617,0.156,101.62,0.096,2025-26,2026,61.4,43.4,55.1,69.4,60.8,16.6
1628978,Donte DiVincenzo,MIN,29.0,82,30.4,4.1,10.2,0.406,3.0,7.9,0.379,1.0,1.3,0.743,0.8,3.3,4.1,3.8,1.4,1.3,0.4,12.2,4.1,116.3,110.0,6.2,0.164,0.026,0.1,0.064,0.552,0.567,0.164,102.07,0.084,2025-26,2026,65.3,71.5,67.5,67.1,67.3,83.6
1628983,Shai Gilgeous-Alexander,OKC,27.0,68,33.2,10.8,19.4,0.553,1.7,4.4,0.386,7.9,9.0,0.879,0.6,3.7,4.3,6.6,2.2,1.4,0.8,31.1,11.6,121.5,105.2,16.3,0.332,0.017,0.1,0.062,0.597,0.665,0.323,101.84,0.207,2025-26,2026,92.8,83.4,89.5,79.7,85.6,68.5
1628988,Aaron Holiday,HOU,29.0,57,13.7,1.8,4.4,0.417,1.2,3.0,0.394,0.6,0.7,0.854,0.2,0.8,1.0,1.1,0.7,0.5,0.1,5.5,2.3,114.6,106.3,8.3,0.105,0.016,0.054,0.035,0.55,0.578,0.159,99.63,0.063,2025-26,2026,32.7,31.5,32.3,28.2,30.7,57.2
1628989,Kevin Huerter,DET,27.0,69,22.5,3.9,8.6,0.451,1.4,4.7,0.308,0.8,1.0,0.775,0.5,3.0,3.5,2.6,1.0,0.9,0.5,10.0,1.2,113.1,110.8,2.3,0.161,0.021,0.125,0.074,0.535,0.552,0.184,102.94,0.093,2025-26,2026,48.9,61.4,53.3,65.9,58.3,31.4
1628991,Jaren Jackson Jr.,UTA,26.0,48,30.3,7.1,15.0,0.476,1.8,4.9,0.357,3.4,4.2,0.803,0.9,4.8,5.7,2.0,2.2,1.1,1.4,19.4,-1.3,108.7,110.8,-2.0,0.105,0.027,0.14,0.085,0.534,0.576,0.253,103.6,0.107,2025-26,2026,76.2,40.5,63.7,80.9,70.6,58.4
1628997,Caleb Martin,DAL,30.0,58,14.8,1.5,3.3,0.45,0.3,1.0,0.351,0.6,1.1,0.607,0.5,2.0,2.5,1.4,0.7,0.7,0.3,3.9,-3.4,102.9,112.1,-9.2,0.131,0.03,0.125,0.077,0.503,0.526,0.122,105.2,0.063,2025-26,2026,9.2,41.2,20.4,49.5,32.1,
1629001,De'Anthony Melton,GSW,28.0,49,23.0,4.4,10.8,0.407,1.5,5.0,0.294,2.0,2.5,0.826,0.8,2.4,3.2,2.6,1.9,1.6,0.4,12.3,1.9,114.3,110.4,3.9,0.164,0.033,0.108,0.07,0.475,0.518,0.244,101.48,0.09,2025-26,2026,52.1,56.0,53.5,70.1,60.1,32.7
1629004,Svi Mykhailiuk,UTA,29.0,50,23.1,3.5,7.2,0.478,2.0,4.8,0.408,0.5,0.6,0.893,0.7,1.8,2.5,1.9,0.8,0.5,0.1,9.4,-1.5,114.9,117.9,-3.0,0.107,0.029,0.074,0.051,0.613,0.626,0.143,103.74,0.074,2025-26,2026,64.6,47.8,58.7,13.6,40.7,82.0
1629006,Josh Okogie,HOU,27.0,78,17.4,1.6,3.8,0.425,0.8,2.1,0.385,0.5,0.9,0.594,1.0,1.5,2.6,0.9,0.5,0.8,0.2,4.5,0.9,115.4,109.9,5.6,0.065,0.059,0.085,0.072,0.531,0.544,0.112,98.25,0.056,2025-26,2026,18.6,23.2,20.2,44.2,29.8,39.3
1629008,Michael Porter Jr.,BKN,28.0,52,32.5,8.5,18.4,0.463,3.4,9.3,0.363,3.8,4.4,0.859,1.3,5.7,7.1,3.0,2.3,1.1,0.3,24.2,-3.9,113.0,119.6,-6.6,0.165,0.04,0.188,0.11,0.555,0.595,0.292,97.97,0.141,2025-26,2026,88.8,60.0,78.7,56.1,69.7,79.4
1629011,Mitchell Robinson,NYK,28.0,60,19.6,2.5,3.4,0.723,0.0,0.0,0.0,0.7,1.7,0.408,4.2,4.6,8.8,0.9,0.7,0.9,1.2,5.7,2.6,117.7,109.9,7.8,0.058,0.201,0.227,0.214,0.723,0.676,0.102,98.23,0.124,2025-26,2026,35.1,21.0,30.2,83.4,51.5,
1629012,Collin Sexton,CHI,27.0,68,23.7,5.3,10.9,0.485,1.6,4.1,0.401,3.2,3.8,0.855,0.6,1.7,2.3,3.3,2.1,1.1,0.1,15.4,-1.7,110.5,113.6,-3.0,0.217,0.024,0.065,0.045,0.561,0.615,0.248,103.17,0.113,2025-26,2026,76.8,66.3,73.1,37.5,58.9,71.4
1629013,Landry Shamet,NYK,29.0,51,23.0,3.1,7.1,0.437,2.0,5.2,0.392,1.1,1.5,0.711,0.5,1.4,1.8,1.4,0.6,0.6,0.2,9.3,3.7,115.2,107.0,8.1,0.084,0.019,0.058,0.038,0.578,0.598,0.151,99.44,0.07,2025-26,2026,60.0,35.7,51.5,36.3,45.4,77.9
1629014,Anfernee Simons,CHI,27.0,55,24.9,5.2,11.8,0.44,2.7,6.9,0.385,1.3,1.4,0.896,0.6,1.9,2.5,2.4,1.2,0.5,0.1,14.3,1.8,116.9,114.0,3.0,0.151,0.021,0.075,0.047,0.552,0.576,0.227,97.42,0.096,2025-26,2026,72.9,56.1,67.0,19.5,48.0,83.8
1629018,Gary Trent Jr.,MIL,27.0,65,21.2,2.8,7.3,0.387,1.9,5.3,0.36,0.6,0.8,0.769,0.1,0.9,1.0,1.2,0.6,0.5,0.0,8.1,-5.4,107.9,120.4,-12.4,0.082,0.006,0.044,0.024,0.517,0.533,0.167,99.53,0.047,2025-26,2026,41.9,30.8,38.0,7.8,25.9,62.1
1629020,Jarred Vanderbilt,LAL,27.0,65,17.3,1.7,3.7,0.471,0.4,1.5,0.293,0.5,0.9,0.589,1.2,3.3,4.5,1.3,0.9,0.8,0.3,4.4,0.1,113.9,113.7,0.2,0.098,0.073,0.194,0.133,0.531,0.544,0.119,100.41,0.08,2025-26,2026,14.5,32.2,20.7,56.0,34.8,
1629021,Moritz Wagner,ORL,29.0,36,11.8,2.3,5.4,0.426,0.6,1.9,0.314,1.6,2.0,0.819,0.8,2.4,3.2,0.8,0.5,0.4,0.1,6.9,-2.4,107.2,117.2,-10.0,0.107,0.056,0.207,0.127,0.482,0.545,0.237,101.6,0.106,2025-26,2026,27.6,27.0,27.4,28.6,27.9,
1629023,P.J. Washington,DAL,27.0,56,31.0,5.3,11.8,0.45,1.4,4.2,0.325,2.2,3.3,0.687,1.5,5.5,7.0,1.8,1.7,1.0,1.1,14.2,-4.9,107.0,114.4,-7.3,0.082,0.045,0.162,0.105,0.508,0.537,0.194,103.86,0.093,2025-26,2026,58.6,35.2,50.4,73.6,59.7,36.0
1629026,Kenrich Williams,OKC,31.0,56,15.3,2.5,5.3,0.473,0.9,2.3,0.388,0.6,0.9,0.635,1.1,2.3,3.3,1.4,0.8,0.6,0.1,6.5,0.8,112.6,109.5,3.1,0.132,0.068,0.143,0.106,0.557,0.569,0.178,100.84,0.098,2025-26,2026,32.9,40.2,35.5,43.2,38.5,43.3
1629028,Deandre Ayton,LAL,27.0,72,27.2,5.6,8.3,0.671,0.0,0.0,0.0,1.3,2.0,0.645,2.6,5.4,8.0,0.8,1.2,0.6,1.0,12.5,-0.1,115.6,115.5,0.1,0.044,0.103,0.2,0.154,0.671,0.676,0.164,99.65,0.117,2025-26,2026,61.5,13.3,44.6,60.5,50.9,
1629029,Luka Dončić,LAL,27.0,64,35.8,10.8,22.8,0.476,4.0,10.8,0.366,7.9,10.1,0.78,0.6,7.1,7.7,8.3,4.0,1.6,0.5,33.5,2.9,119.4,115.6,3.8,0.387,0.019,0.194,0.11,0.563,0.616,0.368,100.73,0.188,2025-26,2026,94.8,84.3,91.1,72.8,83.8,80.8
1629048,Goga Bitadze,ORL,26.0,64,15.2,2.4,3.5,0.676,0.0,0.2,0.182,1.1,1.5,0.711,2.1,2.9,5.0,1.3,0.7,0.6,1.0,5.9,0.3,112.6,111.0,1.6,0.124,0.131,0.183,0.157,0.68,0.7,0.128,102.52,0.122,2025-26,2026,37.8,38.2,37.9,68.2,50.0,
1629057,Robert Williams III,POR,28.0,59,17.1,3.0,4.2,0.708,0.2,0.4,0.391,0.6,1.0,0.596,2.4,4.6,7.0,1.0,0.8,0.6,1.5,6.7,1.2,110.6,107.2,3.4,0.089,0.133,0.25,0.192,0.726,0.722,0.129,102.86,0.163,2025-26,2026,42.5,26.1,36.8,76.7,52.8,
1629060,Rui Hachimura,LAL,28.0,68,28.3,4.5,8.8,0.514,1.7,3.9,0.443,0.7,1.1,0.694,0.6,2.7,3.3,0.8,0.6,0.6,0.3,11.5,1.2,116.4,114.4,2.0,0.041,0.023,0.094,0.06,0.611,0.62,0.149,100.83,0.073,2025-26,2026,67.7,18.8,50.6,35.5,44.6,78.9
1629111,Jock Landale,ATL,30.0,68,22.1,4.1,8.1,0.515,1.1,2.8,0.383,1.2,1.9,0.635,2.7,3.0,5.7,1.7,0.9,0.5,0.5,10.6,-0.8,114.6,116.8,-2.2,0.11,0.111,0.136,0.123,0.582,0.595,0.177,101.83,0.098,2025-26,2026,56.8,43.5,52.2,43.3,48.6,49.4
1629130,Duncan Robinson,DET,32.0,77,27.4,4.1,9.1,0.456,2.9,7.0,0.41,1.1,1.4,0.755,0.4,2.3,2.7,2.1,0.7,0.6,0.3,12.2,7.0,120.8,109.5,11.3,0.094,0.014,0.08,0.047,0.613,0.629,0.152,101.22,0.078,2025-26,2026,76.1,50.3,67.1,41.6,56.9,92.8
1629216,Gabe Vincent,ATL,30.0,53,16.6,1.4,4.1,0.352,1.1,3.3,0.341,0.4,0.4,0.87,0.3,0.7,1.0,1.4,0.5,0.5,0.1,4.4,0.7,117.3,116.0,1.3,0.109,0.02,0.041,0.03,0.488,0.511,0.119,101.94,0.033,2025-26,2026,16.4,40.5,24.8,14.1,20.5,32.5
1629234,Drew Eubanks,SAC,29.0,42,13.1,2.2,3.7,0.596,0.0,0.2,0.143,0.8,1.4,0.561,0.9,2.1,3.0,0.5,0.7,0.4,0.6,5.2,-3.7,106.4,117.8,-11.4,0.052,0.069,0.154,0.112,0.599,0.605,0.161,102.17,0.082,2025-26,2026,26.3,14.0,22.0,43.5,30.6,
1629599,Amir Coffey,PHX,29.0,46,10.7,1.2,2.5,0.487,0.4,1.1,0.347,0.5,0.6,0.786,0.4,0.8,1.2,0.6,0.2,0.2,0.1,3.2,-0.7,107.6,109.8,-2.2,0.076,0.039,0.073,0.057,0.562,0.594,0.117,98.4,0.068,2025-26,2026,20.1,20.1,20.1,21.7,20.7,
1629611,Terance Mann,BKN,29.0,63,24.3,2.7,5.8,0.457,0.9,2.4,0.364,1.0,1.3,0.788,1.1,2.1,3.2,3.0,1.1,0.7,0.2,7.2,-4.2,109.6,117.8,-8.2,0.182,0.044,0.089,0.066,0.533,0.564,0.133,98.07,0.066,2025-26,2026,34.2,67.2,45.7,28.4,38.8,34.2
1629614,Andrew Nembhard,IND,26.0,57,31.3,5.8,13.2,0.442,1.9,5.2,0.361,3.4,4.1,0.825,0.4,2.4,2.8,7.7,2.4,0.9,0.1,16.9,-6.9,109.3,119.3,-10.0,0.37,0.013,0.075,0.044,0.513,0.564,0.233,102.27,0.111,2025-26,2026,70.6,85.1,75.7,26.7,56.1,62.6
1629618,Jalen Pickett,DEN,26.0,50,16.1,2.0,4.6,0.422,1.0,2.5,0.386,0.3,0.4,0.789,0.4,1.9,2.3,2.3,0.7,0.3,0.1,5.2,0.1,112.1,112.4,-0.4,0.208,0.022,0.107,0.067,0.528,0.541,0.148,97.97,0.084,2025-26,2026,22.1,63.5,36.6,24.8,31.9,46.5
1629627,Zion Williamson,NOP,25.0,62,29.7,7.8,13.0,0.6,0.0,0.1,0.25,5.4,7.5,0.716,2.0,3.7,5.7,3.2,2.0,1.0,0.5,21.0,-1.3,113.0,114.9,-1.9,0.174,0.064,0.116,0.09,0.6,0.644,0.25,103.58,0.141,2025-26,2026,74.5,62.8,70.4,59.2,65.9,
1629628,RJ Barrett,TOR,26.0,57,30.3,7.0,14.3,0.491,1.7,5.0,0.339,3.5,4.9,0.717,1.0,4.3,5.3,3.3,1.7,0.7,0.3,19.3,2.9,118.4,113.5,4.9,0.157,0.033,0.141,0.088,0.55,0.585,0.254,100.88,0.112,2025-26,2026,77.2,64.0,72.6,49.3,63.3,49.9
1629630,Ja Morant,MEM,26.0,20,28.4,6.6,16.1,0.41,1.0,4.3,0.235,5.3,5.9,0.897,0.4,2.9,3.3,8.1,3.6,1.0,0.3,19.5,-2.5,109.5,113.9,-4.4,0.447,0.013,0.096,0.053,0.441,0.521,0.305,106.6,0.128,2025-26,2026,60.2,84.5,68.7,49.7,61.1,13.0
1629631,De'Andre Hunter,SAC,28.0,45,26.1,4.6,11.1,0.415,1.7,5.5,0.305,2.8,3.2,0.867,0.7,3.4,4.1,2.0,1.7,0.7,0.1,13.7,-0.5,114.1,115.0,-0.9,0.11,0.023,0.127,0.074,0.49,0.545,0.218,103.39,0.077,2025-26,2026,60.7,43.1,54.6,34.6,46.6,39.4
1629632,Coby White,CHA,26.0,50,25.0,5.6,12.5,0.446,2.3,6.4,0.362,3.9,4.8,0.817,0.3,3.1,3.4,4.0,2.6,0.5,0.1,17.4,1.9,117.2,114.0,3.2,0.242,0.013,0.113,0.064,0.539,0.595,0.283,101.68,0.112,2025-26,2026,80.1,73.0,77.6,26.8,57.3,69.8
1629636,Darius Garland,LAC,26.0,45,29.9,6.9,14.9,0.46,2.7,6.8,0.396,2.3,2.7,0.861,0.4,2.0,2.4,6.7,2.9,1.0,0.2,18.8,1.9,117.9,115.2,2.6,0.322,0.013,0.063,0.039,0.551,0.582,0.266,101.84,0.112,2025-26,2026,80.8,82.2,81.3,37.1,63.6,88.0
1629637,Jaxson Hayes,LAL,26.0,66,18.3,3.0,4.0,0.756,0.0,0.0,1.0,1.5,2.3,0.653,1.5,2.6,4.1,0.9,0.5,0.4,0.8,7.5,1.1,115.5,113.1,2.4,0.071,0.083,0.139,0.111,0.761,0.758,0.124,100.49,0.109,2025-26,2026,44.8,24.1,37.6,52.4,43.5,
1629638,Nickeil Alexander-Walker,ATL,27.0,78,33.4,7.0,15.3,0.459,3.2,8.1,0.399,3.6,3.9,0.902,0.7,2.8,3.4,3.7,2.1,1.3,0.5,20.8,3.1,116.1,112.0,4.0,0.155,0.019,0.079,0.049,0.564,0.61,0.23,104.38,0.105,2025-26,2026,89.1,66.1,81.1,62.4,73.6,92.1
1629639,Tyler Herro,MIA,26.0,33,31.3,7.5,15.6,0.48,2.5,6.7,0.378,3.0,3.3,0.917,0.4,4.4,4.8,4.1,1.9,0.7,0.4,20.5,-1.2,114.4,116.4,-2.0,0.199,0.013,0.129,0.071,0.561,0.602,0.248,103.33,0.122,2025-26,2026,85.7,72.9,81.2,46.9,67.5,78.8
1629640,Keldon Johnson,SAS,26.0,82,23.3,5.0,9.7,0.519,1.2,3.3,0.363,1.9,2.4,0.794,1.7,3.7,5.4,1.4,0.9,0.6,0.1,13.2,3.9,116.0,108.2,7.8,0.085,0.067,0.143,0.106,0.582,0.613,0.201,102.22,0.118,2025-26,2026,67.7,32.7,55.4,44.4,51.0,45.5
1629645,Kevin Porter Jr.,MIL,26.0,38,33.2,6.3,13.5,0.465,1.2,3.8,0.322,3.6,4.1,0.878,0.9,4.3,5.2,7.4,2.9,2.2,0.5,17.4,-2.8,111.4,116.1,-4.7,0.336,0.027,0.123,0.077,0.51,0.567,0.236,99.18,0.132,2025-26,2026,67.3,83.7,73.0,66.0,70.2,29.3
1629651,Nic Claxton,BKN,27.0,69,27.8,4.8,8.4,0.571,0.0,0.3,0.158,2.0,3.3,0.616,2.4,4.5,6.9,3.7,1.4,0.7,1.1,11.7,-7.5,107.4,120.3,-12.9,0.216,0.084,0.167,0.124,0.574,0.592,0.175,98.37,0.117,2025-26,2026,50.3,73.5,58.4,58.6,58.5,
1629652,Luguentz Dort,OKC,27.0,69,26.8,2.9,7.6,0.385,1.9,5.4,0.344,0.6,0.8,0.759,0.8,2.7,3.6,1.2,0.8,0.9,0.4,8.3,4.3,116.2,108.2,8.0,0.059,0.03,0.094,0.063,0.508,0.524,0.139,100.54,0.049,2025-26,2026,41.2,26.1,35.9,60.3,45.7,55.7
1629655,Daniel Gafford,DAL,27.0,55,21.7,3.8,5.7,0.655,0.0,0.0,0.0,2.0,2.9,0.683,2.5,4.4,6.9,1.1,1.1,0.8,1.3,9.5,-3.4,105.9,113.0,-7.1,0.071,0.108,0.181,0.145,0.655,0.677,0.151,104.6,0.114,2025-26,2026,52.4,22.4,41.9,73.0,54.3,
1629656,Quentin Grimes,PHI,26.0,75,29.4,4.5,10.1,0.45,1.7,5.1,0.334,2.7,3.2,0.84,0.6,3.0,3.6,3.3,1.8,0.9,0.4,13.4,0.1,112.4,112.4,-0.1,0.159,0.02,0.096,0.058,0.534,0.585,0.183,101.43,0.092,2025-26,2026,67.0,63.6,65.8,54.7,61.4,48.5
1629661,Cameron Johnson,DEN,30.0,54,30.5,4.2,8.8,0.48,2.0,4.7,0.43,1.7,2.1,0.839,0.8,3.0,3.8,2.4,0.9,0.7,0.4,12.2,6.4,124.2,114.7,9.5,0.098,0.027,0.095,0.063,0.596,0.629,0.144,101.38,0.075,2025-26,2026,73.3,53.2,66.3,43.5,57.2,85.3
1629673,Jordan Poole,NOP,27.0,39,23.9,4.2,11.4,0.372,2.5,7.4,0.333,2.5,2.9,0.86,0.2,1.7,2.0,3.1,1.8,0.6,0.4,13.4,-3.7,109.4,117.3,-7.9,0.185,0.009,0.067,0.037,0.48,0.53,0.235,104.18,0.073,2025-26,2026,60.8,63.6,61.8,30.9,49.4,61.1
1629674,Neemias Queta,BOS,26.0,76,25.3,4.3,6.6,0.653,0.0,0.1,0.125,1.6,2.3,0.703,3.0,5.3,8.4,1.7,1.0,0.8,1.3,10.2,6.3,118.8,105.6,13.2,0.091,0.118,0.194,0.157,0.654,0.674,0.145,96.15,0.13,2025-26,2026,54.5,39.6,49.3,82.1,62.4,
1629675,Naz Reid,MIN,26.0,77,26.1,5.2,11.3,0.456,2.1,5.8,0.362,1.2,1.6,0.732,1.2,5.0,6.2,2.2,1.6,1.0,1.0,13.6,2.2,113.0,109.9,3.2,0.124,0.042,0.187,0.113,0.549,0.565,0.212,102.77,0.112,2025-26,2026,66.0,48.7,59.9,83.2,69.3,68.0
1629680,Matisse Thybulle,POR,29.0,30,16.0,1.9,4.5,0.433,1.2,3.1,0.398,0.7,0.8,0.84,0.6,1.4,2.0,0.9,0.9,2.0,0.5,5.8,2.9,108.8,99.8,9.0,0.079,0.033,0.087,0.059,0.571,0.6,0.144,103.73,0.093,2025-26,2026,39.2,21.2,32.9,74.2,49.4,58.6
1629684,Grant Williams,CHA,27.0,36,19.8,2.2,5.1,0.426,1.4,3.7,0.388,1.2,1.5,0.815,1.3,2.7,3.9,1.6,0.9,0.5,0.5,7.0,5.6,119.2,106.3,12.9,0.106,0.06,0.127,0.094,0.568,0.609,0.132,99.41,0.089,2025-26,2026,47.2,41.0,45.1,56.7,49.7,60.8
1629723,John Konchar,UTA,30.0,56,19.9,1.7,3.6,0.472,0.5,1.8,0.283,0.6,0.8,0.727,1.3,3.0,4.3,2.1,0.6,1.5,0.7,4.4,-2.6,106.1,112.0,-5.9,0.136,0.059,0.14,0.098,0.543,0.568,0.09,105.42,0.09,2025-26,2026,19.2,56.3,32.2,78.6,50.7,
1629731,Dean Wade,CLE,29.0,59,22.3,2.1,4.7,0.439,1.2,3.3,0.362,0.5,0.6,0.711,0.9,3.3,4.2,1.5,0.3,0.7,0.4,5.8,2.6,117.2,110.9,6.2,0.082,0.039,0.139,0.09,0.567,0.58,0.097,101.78,0.074,2025-26,2026,35.5,40.2,37.1,58.0,45.5,44.8
1629750,Javonte Green,DET,32.0,82,17.6,2.3,5.0,0.447,1.1,3.0,0.381,1.3,1.5,0.84,0.8,2.0,2.8,0.7,0.5,1.2,0.3,6.9,2.6,113.0,105.4,7.6,0.052,0.042,0.112,0.077,0.56,0.607,0.143,102.74,0.095,2025-26,2026,43.7,18.0,34.7,67.0,47.6,48.7
1630162,Anthony Edwards,MIN,24.0,61,35.0,9.9,20.2,0.489,3.4,8.4,0.399,5.7,7.2,0.796,0.6,4.4,5.0,3.7,2.9,1.4,0.8,28.8,2.7,117.8,114.3,3.5,0.174,0.017,0.12,0.069,0.572,0.617,0.309,101.5,0.145,2025-26,2026,94.6,66.1,84.6,71.6,79.4,92.9
1630163,LaMelo Ball,CHA,24.0,72,28.0,7.0,17.3,0.407,3.8,10.3,0.368,2.2,2.5,0.899,0.9,3.9,4.8,7.1,2.8,1.2,0.3,20.1,5.8,123.2,114.1,9.1,0.384,0.03,0.14,0.084,0.516,0.546,0.306,99.43,0.134,2025-26,2026,76.2,83.6,78.8,60.1,71.3,81.6
1630165,Killian Hayes,SAC,24.0,23,17.6,1.8,6.0,0.304,0.7,2.7,0.27,1.1,1.2,0.929,0.2,2.2,2.3,3.5,1.2,0.9,0.2,5.5,-0.8,107.8,110.6,-2.8,0.265,0.009,0.117,0.061,0.366,0.422,0.179,100.91,0.071,2025-26,2026,14.7,74.9,35.8,52.4,42.4,5.2
1630166,Deni Avdija,POR,25.0,66,33.3,7.5,16.1,0.462,1.9,6.0,0.318,7.4,9.2,0.802,1.1,5.8,6.9,6.7,3.8,0.8,0.6,24.2,0.2,115.7,115.4,0.3,0.316,0.031,0.167,0.098,0.521,0.6,0.285,102.78,0.149,2025-26,2026,85.4,81.4,84.0,60.9,74.8,46.3
1630167,Obi Toppin,IND,28.0,24,17.7,4.2,8.3,0.503,1.5,4.4,0.352,1.8,1.9,0.913,0.5,3.9,4.4,2.3,1.2,0.5,0.0,11.6,-1.4,113.9,117.5,-3.6,0.193,0.03,0.206,0.12,0.595,0.636,0.241,104.11,0.143,2025-26,2026,68.2,57.7,64.5,28.1,49.9,49.8
1630168,Onyeka Okongwu,ATL,25.0,74,31.0,5.6,11.6,0.48,1.9,5.2,0.376,2.1,2.7,0.757,1.9,5.7,7.6,3.1,1.7,1.1,1.1,15.2,1.5,113.4,111.3,2.1,0.14,0.058,0.178,0.117,0.564,0.592,0.189,104.39,0.104,2025-26,2026,74.1,61.0,69.5,82.6,74.8,69.2
1630170,Devin Vassell,SAS,25.0,67,30.5,4.9,11.3,0.437,2.5,6.4,0.384,1.6,1.9,0.815,0.6,3.4,4.0,2.5,0.9,0.9,0.4,13.9,7.3,121.3,109.9,11.4,0.107,0.019,0.102,0.063,0.547,0.574,0.176,101.48,0.087,2025-26,2026,70.5,55.9,65.4,60.5,63.4,81.0
1630171,Isaac Okoro,CHI,25.0,63,26.9,3.3,7.3,0.46,1.2,3.5,0.33,1.4,1.8,0.795,1.1,1.7,2.7,1.6,0.7,0.7,0.5,9.3,-5.3,112.1,120.6,-8.5,0.079,0.04,0.058,0.049,0.539,0.574,0.137,103.21,0.05,2025-26,2026,49.4,39.3,45.9,35.1,41.6,31.8
1630172,Patrick Williams,CHI,24.0,72,20.5,2.5,6.6,0.372,1.3,3.8,0.347,0.8,1.0,0.72,0.7,2.3,3.0,1.5,1.0,0.7,0.4,7.0,-4.8,103.8,114.8,-11.0,0.101,0.03,0.106,0.067,0.472,0.494,0.159,105.67,0.057,2025-26,2026,29.3,36.8,32.0,45.5,37.4,41.4
1630173,Precious Achiuwa,SAC,26.0,73,23.9,4.3,8.2,0.528,0.4,1.3,0.278,1.1,1.9,0.554,2.4,4.3,6.7,1.4,0.9,0.9,0.7,10.1,-3.7,110.9,118.1,-7.2,0.082,0.098,0.18,0.139,0.551,0.558,0.172,100.39,0.102,2025-26,2026,41.1,32.3,38.0,63.4,48.2,
1630174,Aaron Nesmith,IND,26.0,45,29.7,4.7,11.4,0.414,2.3,6.2,0.379,2.0,2.5,0.829,1.1,3.1,4.2,1.9,1.4,0.6,0.5,13.8,-4.5,111.1,118.4,-7.3,0.091,0.034,0.102,0.067,0.517,0.554,0.19,103.09,0.067,2025-26,2026,65.5,40.1,56.6,39.7,49.9,76.7
1630175,Cole Anthony,MIL,26.0,35,15.0,2.8,6.6,0.424,0.6,2.1,0.306,0.5,0.7,0.615,0.5,2.0,2.5,3.5,1.9,0.6,0.3,6.7,-3.2,103.4,113.1,-9.7,0.354,0.029,0.126,0.078,0.472,0.483,0.244,101.99,0.082,2025-26,2026,21.3,72.3,39.2,44.2,41.2,6.7
1630178,Tyrese Maxey,PHI,25.0,70,38.0,9.9,21.4,0.462,3.1,8.6,0.367,5.3,6.0,0.892,0.3,3.8,4.1,6.6,2.4,1.9,0.8,28.3,1.6,115.0,113.4,1.5,0.288,0.008,0.096,0.052,0.536,0.588,0.286,100.25,0.15,2025-26,2026,89.0,82.1,86.6,71.1,80.4,79.3
1630180,Saddiq Bey,NOP,27.0,72,31.2,6.1,13.4,0.451,2.1,5.7,0.367,3.4,4.1,0.841,1.7,3.9,5.6,2.5,0.9,0.9,0.1,17.7,-2.6,113.3,116.8,-3.6,0.12,0.051,0.12,0.085,0.529,0.579,0.213,102.05,0.112,2025-26,2026,77.0,57.3,70.1,37.4,57.0,69.9
1630182,Josh Green,CHA,25.0,58,15.7,1.4,3.1,0.459,1.0,2.4,0.42,0.4,0.5,0.893,0.8,1.0,1.8,0.8,0.6,0.6,0.1,4.3,3.6,118.5,106.0,12.5,0.069,0.048,0.06,0.054,0.619,0.644,0.104,98.23,0.059,2025-26,2026,34.9,20.3,29.8,32.2,30.8,55.0
1630183,Jaden McDaniels,MIN,25.0,73,31.7,5.7,11.1,0.515,1.4,3.4,0.412,2.0,2.4,0.835,1.0,3.2,4.2,2.7,1.8,1.1,1.0,14.8,1.6,115.5,112.4,3.1,0.121,0.033,0.094,0.065,0.579,0.611,0.182,102.0,0.088,2025-26,2026,73.2,54.9,66.8,68.9,67.7,67.3
1630188,Jalen Smith,CHI,26.0,53,20.7,3.7,7.6,0.483,1.5,4.2,0.373,1.3,1.8,0.742,1.8,4.8,6.7,1.2,1.0,0.5,0.8,10.2,1.6,116.4,113.0,3.4,0.081,0.085,0.218,0.152,0.584,0.608,0.183,103.79,0.109,2025-26,2026,61.0,26.4,48.9,61.0,53.7,58.2
1630191,Isaiah Stewart,DET,25.0,58,22.7,3.8,6.9,0.55,0.7,2.1,0.333,1.7,2.3,0.756,1.7,3.3,5.0,1.1,1.2,0.3,1.6,10.0,0.7,112.8,111.0,1.8,0.073,0.07,0.135,0.103,0.6,0.632,0.164,101.0,0.095,2025-26,2026,56.2,22.0,44.2,57.7,49.6,16.7
1630192,Zeke Nnaji,DEN,25.0,52,12.0,1.4,2.9,0.47,0.3,1.0,0.259,0.7,0.8,0.773,0.6,2.0,2.6,0.6,0.5,0.3,0.5,3.7,-2.1,107.1,113.7,-6.6,0.069,0.053,0.147,0.103,0.517,0.558,0.136,99.34,0.07,2025-26,2026,13.2,17.7,14.8,45.2,27.0,
1630193,Immanuel Quickley,TOR,27.0,70,31.9,5.7,12.9,0.443,2.5,6.8,0.374,2.4,3.0,0.821,0.5,3.5,4.0,5.9,1.5,1.3,0.1,16.4,1.7,115.0,112.1,2.9,0.261,0.017,0.108,0.062,0.541,0.577,0.206,100.06,0.118,2025-26,2026,75.4,83.3,78.2,50.9,67.3,77.3
1630194,Paul Reed,DET,27.0,65,13.9,3.2,5.2,0.617,0.2,0.6,0.325,1.1,1.7,0.664,2.0,2.5,4.5,1.2,0.9,0.9,0.9,7.8,2.1,112.5,104.4,8.1,0.134,0.142,0.176,0.159,0.636,0.65,0.2,101.72,0.153,2025-26,2026,45.6,34.5,41.7,82.4,58.0,
1630198,Isaiah Joe,OKC,26.0,71,21.2,3.5,7.6,0.455,2.5,6.0,0.423,1.5,1.7,0.894,0.5,2.1,2.5,1.3,0.6,0.7,0.2,11.1,5.0,116.9,105.2,11.7,0.089,0.022,0.09,0.057,0.622,0.657,0.178,101.43,0.099,2025-26,2026,73.5,33.9,59.7,45.1,53.8,91.0
1630200,Tre Jones,CHI,26.0,65,27.0,5.2,9.5,0.553,0.6,2.0,0.315,2.9,3.5,0.841,0.6,2.6,3.1,5.4,1.4,1.2,0.2,14.1,-2.1,111.0,114.8,-3.8,0.284,0.02,0.088,0.054,0.586,0.637,0.186,106.25,0.126,2025-26,2026,67.6,83.1,73.0,45.0,61.8,7.9
1630202,Payton Pritchard,BOS,28.0,79,32.3,6.4,13.8,0.464,2.7,7.1,0.377,1.5,1.7,0.89,0.9,3.1,3.9,5.2,1.4,0.7,0.1,17.0,5.4,120.1,112.1,8.0,0.234,0.026,0.09,0.059,0.561,0.584,0.21,95.81,0.12,2025-26,2026,78.4,80.6,79.2,33.3,60.8,80.9
1630208,Nick Richards,CHI,28.0,48,14.6,2.1,4.2,0.512,0.1,0.4,0.278,1.4,2.1,0.644,1.6,3.5,5.1,0.3,1.2,0.2,0.7,5.8,-2.8,108.9,117.2,-8.4,0.033,0.103,0.221,0.163,0.525,0.562,0.176,102.27,0.079,2025-26,2026,22.8,7.8,17.6,47.1,29.4,
1630217,Desmond Bane,ORL,28.0,82,33.6,7.1,14.7,0.484,2.0,5.2,0.391,3.8,4.2,0.908,1.2,2.9,4.1,4.1,2.0,1.0,0.5,20.1,1.6,113.6,111.5,2.2,0.19,0.034,0.084,0.059,0.553,0.607,0.224,102.2,0.111,2025-26,2026,83.6,72.1,79.6,59.6,71.6,77.7
1630224,Jalen Green,PHX,24.0,32,25.9,6.8,16.0,0.422,2.2,7.1,0.313,2.0,2.7,0.747,0.5,3.1,3.6,2.8,2.3,1.1,0.3,17.8,1.0,114.2,113.5,0.7,0.181,0.017,0.122,0.067,0.491,0.516,0.309,99.56,0.106,2025-26,2026,66.6,59.4,64.1,57.6,61.5,50.5
1630228,Jonathan Kuminga,ATL,23.0,36,23.1,4.4,9.4,0.463,1.0,2.9,0.333,2.5,3.4,0.724,1.4,4.3,5.6,2.3,1.9,0.6,0.3,12.2,2.0,112.0,108.0,4.1,0.148,0.056,0.182,0.118,0.515,0.557,0.226,102.73,0.111,2025-26,2026,52.5,50.3,51.8,57.6,54.1,25.6
1630230,Naji Marshall,DAL,28.0,74,29.5,5.7,11.1,0.51,0.8,2.9,0.291,3.1,4.1,0.76,0.9,3.8,4.7,3.3,1.6,1.1,0.1,15.2,-2.9,109.7,114.3,-4.6,0.162,0.028,0.12,0.075,0.548,0.592,0.2,104.35,0.106,2025-26,2026,65.0,64.9,64.9,45.8,57.3,8.4
1630241,Sam Merrill,CLE,30.0,52,26.5,4.3,9.3,0.461,3.0,7.2,0.421,1.1,1.3,0.855,0.5,2.0,2.6,2.4,0.8,0.6,0.1,12.8,4.7,120.3,112.6,7.7,0.119,0.02,0.072,0.047,0.624,0.644,0.167,101.54,0.081,2025-26,2026,79.3,57.2,71.6,25.8,53.2,95.1
1630245,Ayo Dosunmu,MIN,26.0,69,27.3,5.6,10.8,0.517,1.8,4.1,0.439,1.8,2.1,0.876,0.7,2.8,3.4,3.6,1.4,0.8,0.3,14.8,-1.0,111.7,113.2,-1.5,0.202,0.024,0.093,0.059,0.599,0.63,0.197,103.16,0.114,2025-26,2026,78.5,71.4,76.0,44.8,63.5,80.7
1630249,Vít Krejčí,POR,26.0,65,21.4,3.0,6.6,0.448,2.0,5.0,0.39,0.6,0.8,0.745,0.5,1.8,2.3,1.5,0.6,0.7,0.3,8.5,-0.6,110.0,111.1,-1.1,0.099,0.02,0.081,0.05,0.597,0.609,0.142,103.2,0.068,2025-26,2026,58.1,40.8,52.0,42.8,48.3,77.4
1630264,Anthony Gill,WAS,33.0,55,17.3,2.5,3.9,0.628,0.3,0.9,0.354,0.6,0.8,0.739,1.1,1.8,2.9,1.3,0.7,0.6,0.4,5.8,-5.3,107.0,121.4,-14.4,0.101,0.059,0.112,0.084,0.667,0.682,0.116,104.11,0.08,2025-26,2026,38.2,34.9,37.1,36.4,36.8,
1630311,Pat Spencer,GSW,29.0,66,18.6,2.8,6.6,0.427,0.9,2.5,0.357,0.7,0.9,0.772,0.8,1.6,2.4,3.5,1.3,0.7,0.1,7.2,-1.4,112.1,115.6,-3.4,0.27,0.041,0.091,0.065,0.495,0.516,0.185,99.81,0.087,2025-26,2026,27.0,74.3,43.6,26.8,36.9,30.5
1630314,Brandon Williams,DAL,26.0,66,22.2,4.4,9.3,0.472,0.5,2.3,0.232,3.7,4.6,0.793,0.5,2.4,2.9,3.9,1.9,0.9,0.3,13.0,-2.2,111.2,115.6,-4.4,0.256,0.019,0.105,0.062,0.501,0.572,0.242,105.52,0.115,2025-26,2026,52.7,74.3,60.3,45.7,54.5,1.1
1630526,Jeremiah Robinson-Earl,DAL,25.0,22,16.4,1.7,4.5,0.37,0.5,1.9,0.244,0.8,0.8,0.944,1.6,3.0,4.7,0.7,0.5,0.4,0.0,4.6,-3.9,109.3,119.5,-10.2,0.057,0.088,0.183,0.133,0.42,0.468,0.129,104.82,0.069,2025-26,2026,10.4,18.1,13.1,22.7,16.9,
1630529,Herbert Jones,NOP,27.0,56,28.4,3.3,8.5,0.383,1.4,4.6,0.309,0.9,1.1,0.806,0.8,2.6,3.4,2.8,1.3,1.6,0.5,8.9,-0.9,113.5,114.4,-0.9,0.13,0.029,0.09,0.059,0.467,0.491,0.153,101.08,0.053,2025-26,2026,38.2,60.4,45.9,61.9,52.3,31.5
1630530,Trey Murphy III,NOP,26.0,66,35.5,7.5,15.9,0.47,3.2,8.6,0.379,3.3,3.7,0.886,1.0,4.8,5.7,3.8,1.8,1.5,0.4,21.5,-2.6,113.6,117.2,-3.6,0.16,0.026,0.131,0.078,0.572,0.613,0.223,101.71,0.122,2025-26,2026,90.4,68.7,82.8,61.5,74.3,84.8
1630532,Franz Wagner,ORL,24.0,34,30.0,7.2,14.9,0.481,1.4,4.1,0.345,4.8,5.8,0.823,1.3,3.9,5.2,3.3,1.7,0.9,0.3,20.6,2.4,114.2,110.6,3.6,0.175,0.041,0.128,0.084,0.529,0.588,0.256,104.86,0.134,2025-26,2026,77.4,65.5,73.2,59.2,67.6,43.2
1630533,Ziaire Williams,BKN,24.0,56,22.9,3.3,7.7,0.425,1.5,4.5,0.343,2.1,2.5,0.85,0.5,1.9,2.4,1.1,1.1,1.4,0.4,10.2,-5.0,103.1,113.2,-10.1,0.076,0.022,0.084,0.052,0.524,0.579,0.179,100.4,0.079,2025-26,2026,56.2,23.1,44.6,58.7,50.2,46.0
1630534,Ochai Agbaji,BKN,26.0,62,15.7,2.0,4.5,0.436,0.5,2.1,0.266,0.6,0.7,0.837,0.7,1.5,2.3,0.8,0.5,0.4,0.3,5.1,-1.0,106.4,109.0,-2.7,0.07,0.046,0.096,0.071,0.496,0.525,0.142,100.34,0.057,2025-26,2026,14.6,21.4,16.9,39.1,25.8,1.9
1630536,Sharife Cooper,WAS,25.0,41,17.1,3.1,6.0,0.514,0.7,1.9,0.382,1.2,1.5,0.833,0.4,1.7,2.1,3.0,1.5,0.4,0.1,8.1,-4.5,108.4,120.1,-11.7,0.256,0.025,0.098,0.061,0.573,0.609,0.197,103.68,0.094,2025-26,2026,45.5,67.8,53.3,14.6,37.8,
1630538,Bones Hyland,MIN,25.0,71,16.6,3.0,6.6,0.453,1.6,4.2,0.388,0.9,1.2,0.78,0.3,1.5,1.8,2.6,1.0,0.6,0.2,8.5,1.7,113.8,108.6,5.2,0.222,0.018,0.085,0.051,0.577,0.599,0.197,102.82,0.101,2025-26,2026,54.0,65.2,57.9,38.5,50.2,67.3
1630540,Miles McBride,NYK,25.0,41,26.3,4.2,9.9,0.423,2.7,6.6,0.413,0.9,1.1,0.787,0.6,1.9,2.4,2.6,0.8,0.9,0.2,12.0,5.5,119.9,110.4,9.5,0.136,0.02,0.068,0.044,0.562,0.578,0.174,98.57,0.085,2025-26,2026,66.7,62.0,65.0,43.8,56.5,91.9
1630541,Moses Moody,GSW,24.0,60,25.7,4.1,9.3,0.44,2.5,6.3,0.401,1.5,1.9,0.77,0.9,2.5,3.3,1.6,1.0,1.0,0.6,12.1,1.3,111.1,108.9,2.2,0.093,0.031,0.092,0.061,0.575,0.6,0.174,102.6,0.083,2025-26,2026,70.5,38.0,59.1,67.3,62.4,86.9
1630543,Isaiah Jackson,LAC,24.0,55,16.5,2.7,4.3,0.637,0.0,0.1,0.0,1.2,1.9,0.648,2.1,3.2,5.3,0.9,1.1,0.7,0.9,6.7,-0.9,111.8,114.7,-2.9,0.083,0.12,0.19,0.155,0.637,0.653,0.152,102.07,0.104,2025-26,2026,39.6,20.0,32.7,64.6,45.5,
1630544,Tre Mann,CHA,25.0,53,12.6,2.1,5.7,0.36,0.9,2.9,0.323,0.4,0.5,0.852,0.4,1.4,1.7,1.6,1.0,0.5,0.1,5.5,-2.9,105.8,115.9,-10.1,0.223,0.028,0.114,0.068,0.442,0.462,0.231,97.44,0.062,2025-26,2026,16.9,48.9,28.1,23.6,26.3,17.8
1630545,Terrence Shannon Jr,MIN,25.0,43,12.5,1.8,4.0,0.45,0.7,1.8,0.408,1.3,1.6,0.8,0.2,0.9,1.1,0.9,0.6,0.3,0.0,5.6,-1.9,112.0,120.5,-8.5,0.102,0.018,0.074,0.045,0.541,0.597,0.171,102.75,0.069,2025-26,2026,32.1,27.7,30.6,4.9,20.3,
1630549,Day'Ron Sharpe,BKN,24.0,62,18.7,3.5,5.7,0.601,0.1,0.6,0.231,1.7,2.5,0.678,2.8,3.9,6.7,2.3,1.7,1.1,0.4,8.7,-1.8,107.3,111.7,-4.3,0.207,0.143,0.222,0.18,0.614,0.638,0.19,98.86,0.141,2025-26,2026,48.4,55.4,50.8,73.4,59.9,
1630551,Justin Champagnie,WAS,25.0,69,20.0,3.4,6.7,0.502,0.8,2.4,0.319,1.2,1.5,0.784,2.1,3.5,5.6,1.2,0.7,0.9,0.6,8.7,-4.3,110.0,119.4,-9.4,0.087,0.098,0.171,0.133,0.56,0.589,0.161,103.51,0.106,2025-26,2026,45.9,30.7,40.6,60.5,48.5,13.9
1630552,Jalen Johnson,ATL,24.0,72,35.2,8.3,17.1,0.489,1.7,4.7,0.352,4.2,5.3,0.788,1.4,8.9,10.3,7.9,3.4,1.2,0.4,22.5,2.6,115.5,112.3,3.2,0.325,0.038,0.241,0.14,0.537,0.581,0.264,103.58,0.161,2025-26,2026,79.9,83.3,81.1,74.6,78.5,54.8
1630557,Corey Kispert,ATL,27.0,58,18.6,3.2,6.8,0.467,1.5,4.1,0.367,1.3,1.7,0.794,0.5,1.8,2.3,1.6,0.8,0.3,0.2,9.2,-2.6,108.9,115.9,-7.0,0.121,0.022,0.091,0.056,0.577,0.609,0.179,104.15,0.088,2025-26,2026,57.5,44.1,52.8,19.3,39.4,55.8
1630558,Davion Mitchell,MIA,27.0,70,28.6,3.7,7.6,0.49,1.3,3.3,0.395,0.6,0.9,0.646,0.5,2.2,2.7,6.5,1.5,1.0,0.2,9.3,2.9,117.2,113.0,4.2,0.285,0.015,0.072,0.044,0.574,0.582,0.137,103.88,0.083,2025-26,2026,51.9,85.2,63.6,42.5,55.1,60.7
1630559,Austin Reaves,LAL,28.0,51,34.5,7.3,14.9,0.49,2.3,6.4,0.36,6.3,7.3,0.871,0.6,4.1,4.7,5.5,3.0,1.1,0.4,23.3,3.6,117.3,112.3,5.0,0.237,0.02,0.117,0.071,0.567,0.641,0.258,100.41,0.137,2025-26,2026,91.8,77.1,86.7,63.3,77.3,68.8
1630560,Cam Thomas,MIL,24.0,42,21.0,4.5,11.0,0.41,1.2,4.0,0.31,3.3,4.0,0.811,0.3,1.4,1.7,2.6,1.8,0.2,0.1,13.5,-5.1,111.7,123.8,-12.1,0.208,0.012,0.071,0.041,0.466,0.53,0.295,96.65,0.089,2025-26,2026,53.6,59.3,55.6,5.0,35.4,26.1
1630567,Scottie Barnes,TOR,24.0,80,33.5,7.1,14.0,0.507,0.9,2.8,0.304,3.0,3.7,0.815,1.9,5.6,7.5,5.9,2.6,1.4,1.5,18.1,3.3,114.6,110.0,4.6,0.255,0.055,0.166,0.11,0.537,0.577,0.226,101.0,0.139,2025-26,2026,67.1,79.3,71.4,88.9,78.4,13.2
1630568,Luka Garza,BOS,27.0,69,16.2,3.0,5.2,0.577,0.8,1.8,0.433,1.3,1.7,0.769,2.3,1.8,4.1,1.0,0.7,0.4,0.4,8.1,1.8,119.4,113.6,5.8,0.085,0.129,0.11,0.12,0.654,0.682,0.168,97.4,0.103,2025-26,2026,51.9,26.6,43.1,38.6,41.3,
1630570,Trendon Watford,PHI,25.0,53,16.3,2.6,5.1,0.515,0.2,0.9,0.2,1.1,1.5,0.779,0.7,2.6,3.3,2.5,1.2,0.3,0.4,6.5,-2.9,106.5,115.6,-9.1,0.229,0.041,0.146,0.094,0.534,0.573,0.17,103.23,0.093,2025-26,2026,28.7,62.4,40.5,38.1,39.5,
1630572,Sandro Mamukelashvili,TOR,27.0,80,21.9,4.1,7.9,0.523,1.4,3.7,0.389,1.5,2.0,0.747,1.4,3.6,4.9,1.9,0.8,0.8,0.5,11.2,2.3,114.9,109.7,5.3,0.123,0.06,0.163,0.111,0.614,0.637,0.181,101.19,0.123,2025-26,2026,66.7,49.8,60.8,69.2,64.2,61.3
1630573,Sam Hauser,BOS,28.0,78,24.8,3.2,7.7,0.419,2.5,6.5,0.393,0.2,0.3,0.85,0.7,3.1,3.8,1.5,0.4,0.5,0.3,9.2,4.7,119.8,111.0,8.8,0.077,0.028,0.118,0.073,0.584,0.59,0.141,97.23,0.08,2025-26,2026,59.4,39.1,52.3,42.8,48.5,84.5
1630577,Julian Champagnie,SAS,25.0,82,27.6,3.7,8.4,0.437,2.4,6.2,0.381,1.4,1.6,0.844,0.9,4.9,5.8,1.5,0.8,0.8,0.5,11.1,7.2,120.4,108.0,12.4,0.071,0.032,0.161,0.099,0.578,0.609,0.146,102.55,0.091,2025-26,2026,68.5,34.7,56.7,70.7,62.3,78.5
1630578,Alperen Sengun,HOU,23.0,72,33.3,8.1,15.6,0.519,0.6,1.8,0.305,3.6,5.2,0.691,3.0,5.9,8.9,6.2,3.2,1.2,1.1,20.4,2.8,117.1,113.7,3.4,0.282,0.089,0.177,0.133,0.537,0.569,0.259,98.02,0.142,2025-26,2026,65.6,80.2,70.7,79.6,74.3,
1630579,Jericho Sims,MIL,27.0,67,19.7,2.2,2.8,0.784,0.0,0.0,0.0,0.7,1.1,0.62,2.2,3.3,5.5,1.6,1.1,0.3,0.3,5.0,-4.1,110.3,120.3,-10.1,0.109,0.115,0.171,0.143,0.784,0.772,0.095,97.72,0.083,2025-26,2026,32.5,39.7,35.0,32.1,33.9,
1630581,Josh Giddey,CHI,23.0,54,32.1,5.9,13.3,0.448,1.9,5.2,0.364,3.2,4.2,0.763,1.2,7.1,8.3,9.1,3.6,1.0,0.5,17.0,-3.5,112.1,117.1,-5.0,0.41,0.037,0.201,0.121,0.52,0.562,0.238,104.46,0.142,2025-26,2026,70.5,84.7,75.5,64.8,71.2,64.5
1630583,Santi Aldama,MEM,25.0,43,27.9,5.3,11.1,0.479,1.6,4.7,0.35,1.8,2.7,0.667,1.6,5.1,6.7,2.9,1.3,0.9,0.7,14.0,-1.1,113.6,116.0,-2.4,0.153,0.052,0.171,0.112,0.553,0.572,0.191,103.47,0.115,2025-26,2026,65.8,62.7,64.7,65.1,64.9,51.8
1630591,Jalen Suggs,ORL,25.0,57,27.6,4.9,11.4,0.435,2.1,6.3,0.339,1.8,2.1,0.855,0.6,3.2,3.9,5.5,2.7,1.8,0.7,13.8,3.2,113.6,108.4,5.2,0.284,0.022,0.112,0.068,0.529,0.561,0.22,104.54,0.11,2025-26,2026,66.0,79.1,70.6,80.3,74.5,59.0
1630592,Jalen Wilson,BKN,25.0,54,15.9,2.0,5.1,0.396,1.0,2.8,0.355,1.3,1.8,0.719,0.3,1.8,2.1,0.9,0.7,0.4,0.0,6.4,-3.6,104.5,115.4,-10.9,0.098,0.019,0.122,0.067,0.493,0.536,0.177,98.57,0.061,2025-26,2026,27.7,26.4,27.2,20.3,24.5,33.7
1630595,Cade Cunningham,DET,24.0,64,33.9,8.6,18.6,0.461,2.0,5.7,0.342,4.8,6.0,0.812,0.9,4.7,5.5,9.9,3.7,1.4,0.8,23.9,8.1,120.4,109.0,11.4,0.43,0.025,0.132,0.079,0.513,0.564,0.296,100.94,0.159,2025-26,2026,78.4,84.8,80.7,82.6,81.4,57.8
1630596,Evan Mobley,CLE,25.0,65,31.9,7.2,13.2,0.546,1.0,3.2,0.297,2.8,4.6,0.606,2.4,6.6,9.0,3.6,1.9,0.7,1.7,18.2,3.4,117.0,111.3,5.7,0.168,0.073,0.196,0.135,0.582,0.596,0.221,101.89,0.135,2025-26,2026,72.0,66.4,70.0,74.6,71.8,16.1
1630598,Aaron Wiggins,OKC,27.0,65,21.8,3.6,8.2,0.431,1.5,4.2,0.356,0.8,1.1,0.736,0.6,2.4,3.1,1.7,1.2,0.9,0.4,9.4,2.7,112.8,106.7,6.2,0.11,0.028,0.101,0.066,0.521,0.538,0.194,101.47,0.082,2025-26,2026,45.8,41.1,44.2,62.7,51.6,51.1
1630604,E.J. Liddell,BKN,25.0,26,13.4,2.1,4.3,0.486,0.7,2.0,0.346,0.8,1.0,0.808,0.5,2.1,2.7,0.9,0.6,0.2,0.4,5.7,-1.8,108.1,114.6,-6.5,0.114,0.039,0.174,0.102,0.568,0.6,0.168,99.52,0.087,2025-26,2026,33.2,29.6,31.9,41.8,35.9,20.9
1630611,Gui Santos,GSW,24.0,68,20.5,3.4,6.8,0.5,1.1,3.3,0.351,1.3,1.8,0.725,1.1,2.8,3.9,2.3,1.5,0.9,0.3,9.2,0.5,111.7,110.7,1.0,0.168,0.052,0.138,0.094,0.585,0.609,0.181,100.89,0.097,2025-26,2026,54.0,54.0,54.0,60.2,56.5,36.4
1630619,Moussa Cisse,DAL,23.0,38,13.9,1.7,3.0,0.574,0.0,0.0,0.0,1.0,2.1,0.469,2.3,3.3,5.7,0.2,0.8,0.5,1.2,4.5,-0.1,111.2,110.7,0.5,0.023,0.15,0.215,0.182,0.574,0.564,0.136,104.05,0.087,2025-26,2026,16.2,11.1,14.5,67.7,35.8,
1630623,Tyson Etienne,BKN,26.0,24,15.8,2.4,6.0,0.4,1.8,4.5,0.398,1.3,1.5,0.833,0.2,0.9,1.1,1.7,0.7,0.5,0.0,7.9,-4.3,105.6,117.8,-12.2,0.17,0.013,0.06,0.036,0.548,0.588,0.198,102.0,0.071,2025-26,2026,50.9,51.0,50.9,9.7,34.4,74.6
1630631,Jose Alvarado,NYK,28.0,69,19.9,2.7,6.5,0.416,1.5,4.2,0.352,0.5,0.7,0.761,0.4,2.1,2.5,3.4,1.1,1.0,0.1,7.4,0.3,112.0,110.7,1.3,0.244,0.018,0.1,0.06,0.529,0.543,0.167,99.57,0.088,2025-26,2026,37.7,74.1,50.5,47.4,49.2,49.8
1630643,Jay Huff,IND,28.0,82,21.0,3.5,7.5,0.476,1.5,4.5,0.319,1.0,1.2,0.828,0.9,3.1,4.0,1.5,0.9,0.5,1.9,9.5,-3.1,107.4,113.7,-6.3,0.105,0.041,0.135,0.089,0.574,0.598,0.178,102.99,0.092,2025-26,2026,57.5,38.5,50.9,57.4,53.5,37.6
1630679,Ethan Thompson,IND,27.0,32,20.4,2.3,6.1,0.378,1.2,3.6,0.328,1.2,1.5,0.787,0.5,1.6,2.2,1.8,0.8,0.6,0.3,7.0,0.0,109.8,109.9,-0.1,0.122,0.025,0.078,0.051,0.474,0.515,0.154,101.84,0.051,2025-26,2026,29.5,47.8,35.9,40.8,37.9,31.1
1630692,Jordan Goodwin,PHX,27.0,70,22.5,3.3,7.9,0.413,1.6,4.3,0.371,0.6,0.8,0.696,2.0,2.9,4.9,2.2,1.0,1.5,0.2,8.7,1.3,113.4,110.1,3.3,0.136,0.08,0.134,0.105,0.514,0.525,0.167,99.3,0.098,2025-26,2026,41.9,53.7,46.0,64.7,53.5,60.4
1630695,Micah Potter,IND,28.0,47,19.3,3.2,6.2,0.515,1.5,3.6,0.423,1.8,2.1,0.842,1.2,3.7,5.0,1.5,1.0,0.5,0.3,9.7,-2.6,108.4,114.8,-6.4,0.111,0.061,0.193,0.125,0.637,0.679,0.174,105.56,0.114,2025-26,2026,65.0,38.5,55.7,43.4,50.8,72.6
1630696,Dru Smith,MIA,28.0,70,16.3,1.9,4.6,0.415,0.5,1.8,0.295,1.2,1.5,0.829,0.9,1.6,2.5,2.6,0.8,1.4,0.3,5.6,-1.2,107.1,110.3,-3.2,0.214,0.047,0.085,0.066,0.474,0.532,0.142,107.2,0.091,2025-26,2026,18.2,67.2,35.3,59.8,45.1,
1630700,Dyson Daniels,ATL,23.0,76,33.2,5.3,10.2,0.517,0.3,1.5,0.188,1.0,1.6,0.615,2.4,4.4,6.8,5.9,1.8,2.0,0.4,11.9,4.0,116.8,110.6,6.2,0.23,0.071,0.129,0.1,0.532,0.542,0.157,103.18,0.106,2025-26,2026,43.4,80.5,56.4,73.9,63.4,
1630702,Jaden Hardy,WAS,23.0,57,15.8,3.2,7.5,0.424,1.8,4.6,0.397,1.0,1.3,0.733,0.3,1.2,1.5,1.0,1.1,0.3,0.1,9.2,-1.5,112.0,116.4,-4.4,0.095,0.017,0.078,0.047,0.545,0.566,0.239,103.45,0.066,2025-26,2026,50.9,24.0,41.5,11.5,29.5,74.4
1630703,Scoot Henderson,POR,22.0,30,24.9,4.8,11.4,0.418,1.9,5.4,0.352,2.8,3.3,0.84,0.6,2.1,2.7,3.7,2.4,0.9,0.3,14.2,1.8,112.2,109.0,3.2,0.231,0.022,0.078,0.05,0.501,0.553,0.246,103.34,0.086,2025-26,2026,64.8,70.1,66.6,51.8,60.7,59.1
1630811,Keaton Wallace,ATL,27.0,53,10.1,1.3,3.2,0.398,0.7,1.9,0.373,0.2,0.3,0.667,0.1,1.0,1.1,1.8,0.5,0.5,0.1,3.5,-1.9,102.2,110.8,-8.6,0.264,0.005,0.097,0.05,0.509,0.52,0.161,102.54,0.077,2025-26,2026,10.1,59.1,27.2,30.1,28.4,
1631093,Jaden Ivey,CHI,24.0,37,18.1,3.1,6.9,0.445,1.4,3.6,0.373,1.0,1.3,0.809,0.6,1.8,2.5,1.8,1.1,0.6,0.4,8.5,0.7,110.3,108.2,2.1,0.145,0.034,0.096,0.065,0.543,0.571,0.192,101.98,0.091,2025-26,2026,46.5,46.7,46.6,50.7,48.2,54.8
1631094,Paolo Banchero,ORL,23.0,72,34.7,7.3,16.0,0.459,1.2,3.8,0.305,6.3,8.2,0.775,1.2,7.2,8.4,5.2,3.1,0.7,0.6,22.2,0.0,114.0,114.1,-0.2,0.235,0.034,0.204,0.119,0.496,0.566,0.274,100.96,0.138,2025-26,2026,72.2,75.5,73.4,62.3,69.0,25.3
1631095,Jabari Smith Jr.,HOU,23.0,77,35.1,5.7,12.7,0.449,2.3,6.3,0.363,2.1,2.7,0.775,1.4,5.5,6.9,1.9,1.4,0.7,0.9,15.8,3.4,117.0,112.0,5.0,0.073,0.039,0.152,0.096,0.54,0.569,0.179,97.66,0.093,2025-26,2026,72.1,37.6,60.0,67.0,62.8,70.6
1631096,Chet Holmgren,OKC,24.0,69,28.9,6.3,11.3,0.557,1.3,3.5,0.362,3.3,4.1,0.792,1.9,7.0,8.9,1.7,1.6,0.6,1.9,17.1,9.8,118.4,102.3,16.1,0.082,0.067,0.221,0.149,0.614,0.653,0.214,101.09,0.154,2025-26,2026,80.3,34.0,64.1,78.1,69.7,47.8
1631097,Bennedict Mathurin,LAC,24.0,54,30.0,5.4,12.5,0.43,1.4,4.4,0.315,5.4,6.2,0.869,1.0,4.4,5.4,2.4,2.2,0.8,0.2,17.6,-2.7,111.4,115.3,-3.9,0.123,0.034,0.142,0.088,0.485,0.575,0.246,101.15,0.105,2025-26,2026,71.2,49.0,63.5,44.0,55.7,32.3
1631099,Keegan Murray,SAC,25.0,23,34.5,5.5,13.0,0.42,1.3,4.9,0.277,1.7,2.1,0.776,1.4,4.3,5.7,1.7,1.2,1.0,1.6,14.0,-7.1,107.6,118.4,-10.7,0.07,0.039,0.122,0.079,0.472,0.499,0.182,100.29,0.078,2025-26,2026,53.4,35.0,47.0,64.9,54.1,25.4
1631101,Shaedon Sharpe,POR,23.0,50,29.4,7.8,17.4,0.452,2.1,6.1,0.337,3.1,3.9,0.787,1.0,3.3,4.3,2.6,2.9,1.4,0.1,20.8,-1.0,112.4,113.7,-1.3,0.151,0.032,0.104,0.068,0.511,0.546,0.293,103.89,0.108,2025-26,2026,74.4,52.9,66.9,47.9,59.3,58.3
1631104,Blake Wesley,POR,23.0,31,11.6,1.8,4.0,0.452,0.3,1.2,0.278,0.8,1.5,0.553,0.3,1.0,1.3,2.0,1.0,0.5,0.2,4.8,-2.5,104.4,113.0,-8.6,0.254,0.02,0.087,0.052,0.492,0.511,0.189,105.83,0.075,2025-26,2026,11.2,57.2,27.3,28.6,27.8,
1631105,Jalen Duren,DET,22.0,70,28.2,7.5,11.5,0.65,0.0,0.0,0.0,4.6,6.1,0.747,3.8,6.7,10.5,2.0,1.9,0.8,0.8,19.5,6.9,120.0,108.2,11.8,0.104,0.132,0.23,0.182,0.65,0.688,0.231,100.81,0.177,2025-26,2026,73.9,41.0,62.4,79.1,69.1,
1631106,Tari Eason,HOU,25.0,60,25.8,4.0,9.7,0.416,1.6,4.3,0.358,0.9,1.1,0.776,2.1,4.2,6.3,1.5,1.4,1.2,0.5,10.5,2.8,116.1,109.6,6.5,0.078,0.077,0.156,0.116,0.496,0.514,0.181,99.06,0.083,2025-26,2026,47.0,30.5,41.2,78.2,56.0,54.8
1631107,Nikola Jović,MIA,23.0,47,17.2,2.4,6.7,0.366,1.0,3.6,0.269,1.5,2.1,0.683,0.5,2.7,3.3,2.2,1.4,0.6,0.4,7.3,-0.1,109.3,110.1,-0.8,0.173,0.028,0.137,0.084,0.438,0.48,0.203,107.64,0.073,2025-26,2026,26.9,53.5,36.2,55.3,43.9,13.9
1631108,Max Christie,DAL,23.0,77,29.1,4.2,9.4,0.441,2.3,5.8,0.404,1.6,1.8,0.899,0.2,3.0,3.2,2.0,1.2,0.6,0.4,12.3,-4.4,108.3,115.2,-6.9,0.095,0.006,0.097,0.052,0.566,0.601,0.162,103.23,0.079,2025-26,2026,71.0,44.0,61.6,39.4,52.7,84.8
1631109,Mark Williams,PHX,24.0,60,23.6,4.7,7.3,0.644,0.0,0.0,1.0,2.3,2.9,0.771,3.1,4.9,8.0,1.0,1.1,0.9,0.9,11.7,-0.7,111.3,113.3,-2.0,0.064,0.124,0.201,0.162,0.645,0.68,0.167,101.01,0.141,2025-26,2026,58.6,19.5,44.9,74.5,56.8,
1631110,Jeremy Sochan,NYK,23.0,44,10.6,1.5,2.9,0.496,0.3,1.0,0.244,0.4,0.6,0.731,0.8,1.6,2.4,0.9,0.5,0.4,0.2,3.6,-1.3,107.2,111.1,-3.9,0.124,0.076,0.149,0.111,0.539,0.563,0.141,101.73,0.081,2025-26,2026,13.8,31.7,20.1,39.5,27.9,
1631114,Jalen Williams,OKC,25.0,33,28.4,6.5,13.5,0.484,0.7,2.3,0.299,3.3,3.9,0.837,0.8,3.8,4.6,5.5,1.9,1.2,0.3,17.1,6.9,118.1,106.4,11.7,0.274,0.029,0.124,0.079,0.51,0.56,0.252,102.62,0.135,2025-26,2026,60.3,80.6,67.4,68.6,67.9,7.6
1631119,Jaylin Williams,OKC,24.0,65,19.7,2.3,5.4,0.423,1.5,3.9,0.383,1.1,1.4,0.793,0.5,5.0,5.5,2.4,1.0,0.5,0.6,7.2,4.7,114.6,103.1,11.5,0.169,0.025,0.225,0.131,0.563,0.597,0.153,102.17,0.115,2025-26,2026,46.9,59.0,51.1,67.3,57.6,62.2
1631121,Bryce McGowens,NOP,23.0,42,21.0,2.7,5.6,0.481,0.9,2.2,0.409,1.8,2.3,0.779,0.3,1.8,2.1,1.5,0.4,0.6,0.2,8.1,-1.7,115.3,118.9,-3.6,0.091,0.013,0.082,0.047,0.561,0.61,0.136,103.45,0.067,2025-26,2026,47.6,41.2,45.3,22.4,36.2,49.3
1631123,Jamaree Bouyea,PHX,27.0,46,14.0,2.3,5.1,0.458,0.5,1.7,0.295,0.5,0.8,0.686,0.4,1.4,1.8,1.8,0.7,0.6,0.3,5.7,0.5,106.0,104.6,1.4,0.191,0.026,0.1,0.062,0.506,0.523,0.184,96.74,0.103,2025-26,2026,17.5,54.0,30.3,48.7,37.6,
1631124,Julian Strawther,DEN,24.0,57,15.1,2.6,5.6,0.467,1.0,2.6,0.387,1.0,1.2,0.814,0.2,1.8,2.0,1.1,0.6,0.4,0.1,7.2,0.4,115.0,113.5,1.5,0.101,0.014,0.112,0.065,0.558,0.59,0.187,101.86,0.082,2025-26,2026,40.8,31.7,37.6,25.3,32.7,46.8
1631126,Caleb Love,POR,24.0,49,20.7,3.9,10.0,0.388,1.9,6.0,0.318,0.7,1.0,0.735,0.5,1.8,2.3,2.5,1.3,0.6,0.1,10.4,-2.6,108.2,114.5,-6.3,0.187,0.023,0.083,0.053,0.483,0.497,0.228,102.91,0.079,2025-26,2026,47.7,59.4,51.8,23.5,40.5,46.3
1631128,Christian Braun,DEN,25.0,44,31.8,4.6,8.8,0.519,1.0,3.3,0.301,1.8,2.3,0.782,1.4,3.4,4.8,2.7,1.0,0.7,0.3,12.0,6.6,124.2,114.1,10.1,0.108,0.046,0.101,0.075,0.575,0.607,0.142,101.38,0.076,2025-26,2026,61.1,58.7,60.3,41.4,52.7,16.9
1631131,Oscar Tshiebwe,UTA,26.0,27,16.6,3.4,5.4,0.634,0.0,0.0,0.0,1.0,1.8,0.551,2.9,3.8,6.6,1.2,0.8,0.6,0.2,7.8,-2.9,110.9,118.9,-8.0,0.101,0.151,0.224,0.185,0.634,0.633,0.162,104.74,0.125,2025-26,2026,43.1,31.7,39.2,38.5,38.9,
1631132,Christian Koloko,ATL,26.0,27,13.2,1.1,2.7,0.419,0.0,0.3,0.111,0.4,0.6,0.667,1.1,1.9,3.0,0.7,0.6,0.5,0.9,2.7,-0.5,106.9,108.2,-1.3,0.064,0.08,0.125,0.103,0.426,0.453,0.109,104.9,0.046,2025-26,2026,1.7,17.6,7.3,61.6,29.0,
1631133,Jabari Walker,PHI,23.0,64,11.9,1.5,3.3,0.455,0.5,1.5,0.337,0.8,1.1,0.735,1.1,1.9,3.0,0.5,0.4,0.4,0.2,4.3,0.1,112.8,112.8,0.0,0.061,0.087,0.156,0.12,0.531,0.568,0.142,102.53,0.073,2025-26,2026,18.3,16.9,17.8,37.6,25.8,
1631157,Ryan Rollins,MIL,23.0,74,32.1,6.6,13.9,0.472,2.5,6.1,0.406,1.7,2.1,0.796,0.7,3.8,4.6,5.6,2.7,1.5,0.4,17.3,-2.4,113.3,116.5,-3.2,0.264,0.023,0.115,0.07,0.561,0.583,0.236,99.55,0.111,2025-26,2026,78.3,79.0,78.5,59.8,71.0,87.7
1631159,Leonard Miller,CHI,22.0,46,15.6,3.2,5.7,0.553,0.7,2.2,0.323,0.8,1.2,0.736,1.2,2.8,3.9,0.9,0.8,0.4,0.3,7.8,-0.6,111.7,114.1,-2.5,0.077,0.073,0.158,0.118,0.615,0.633,0.176,106.87,0.104,2025-26,2026,47.8,22.1,38.8,39.4,39.1,12.8
1631165,Keon Ellis,CLE,26.0,72,20.5,2.3,5.3,0.44,1.3,3.5,0.363,0.7,1.0,0.729,0.5,1.3,1.9,1.0,0.6,1.2,0.6,6.7,-2.0,110.6,115.4,-4.8,0.067,0.025,0.066,0.045,0.559,0.579,0.129,100.49,0.058,2025-26,2026,40.3,24.7,34.8,55.0,42.9,48.5
1631169,Josh Minott,BKN,23.0,49,17.0,2.6,5.1,0.5,1.3,3.1,0.418,1.0,1.2,0.787,1.0,2.2,3.2,0.9,0.9,0.9,0.5,7.4,-0.5,111.7,111.7,-0.1,0.083,0.055,0.128,0.091,0.627,0.653,0.162,98.94,0.104,2025-26,2026,52.8,21.7,41.9,64.8,51.1,65.6
1631170,Jaime Jaquez Jr.,MIA,25.0,75,28.3,6.2,12.2,0.507,0.8,2.4,0.317,2.2,2.9,0.769,1.3,3.7,5.0,4.7,2.0,0.7,0.3,15.4,1.9,114.7,111.9,2.9,0.24,0.042,0.117,0.08,0.539,0.57,0.216,105.49,0.113,2025-26,2026,60.9,76.0,66.2,48.6,59.2,12.9
1631172,Ousmane Dieng,MIL,23.0,57,19.3,2.9,7.0,0.422,1.1,3.2,0.341,0.6,0.8,0.711,0.5,2.6,3.2,2.4,1.3,0.4,0.3,7.6,-3.7,108.7,117.3,-8.6,0.185,0.026,0.136,0.081,0.501,0.516,0.192,99.84,0.075,2025-26,2026,31.8,58.0,40.9,32.3,37.5,32.5
1631199,Ron Harper Jr.,BOS,26.0,29,10.9,1.6,3.8,0.418,1.0,2.8,0.35,0.1,0.1,0.75,0.5,1.1,1.7,0.8,0.3,0.3,0.3,4.2,0.6,111.6,109.0,2.7,0.1,0.043,0.101,0.072,0.545,0.55,0.158,96.22,0.086,2025-26,2026,19.2,27.0,21.9,38.5,28.6,31.8
1631200,Kris Murray,POR,25.0,57,23.4,2.3,4.8,0.467,0.6,2.1,0.279,0.7,1.0,0.684,1.6,2.0,3.6,1.4,0.8,0.9,0.4,5.8,0.8,110.6,109.1,1.5,0.082,0.062,0.084,0.073,0.529,0.55,0.103,102.27,0.063,2025-26,2026,23.7,33.5,27.1,57.1,39.1,3.8
1631204,Marcus Sasser,DET,25.0,38,12.0,1.8,4.7,0.39,1.2,2.8,0.415,0.4,0.5,0.833,0.2,0.8,1.0,2.0,0.8,0.5,0.1,5.2,3.1,116.4,103.1,13.4,0.217,0.016,0.07,0.044,0.514,0.533,0.197,101.68,0.078,2025-26,2026,23.0,58.0,35.3,29.9,33.1,62.4
1631207,Dalen Terry,PHI,23.0,48,11.5,1.4,3.2,0.439,0.5,1.4,0.364,0.3,0.6,0.533,0.5,1.3,1.8,1.4,0.5,0.6,0.3,3.7,-0.9,106.8,109.7,-2.9,0.167,0.041,0.099,0.069,0.516,0.523,0.139,104.92,0.076,2025-26,2026,9.0,45.5,21.8,45.6,31.3,
1631212,Peyton Watson,DEN,23.0,54,29.6,5.3,10.8,0.491,1.5,3.6,0.411,2.6,3.5,0.73,0.9,4.0,4.9,2.1,1.7,0.9,1.1,14.6,3.6,123.7,117.6,6.2,0.096,0.033,0.127,0.083,0.56,0.594,0.204,99.45,0.087,2025-26,2026,70.8,42.8,61.0,62.0,61.4,70.7
1631213,Tyrese Martin,PHI,27.0,46,16.9,2.4,6.0,0.394,1.2,3.6,0.321,0.4,0.6,0.679,0.7,1.8,2.5,1.7,0.9,0.5,0.1,6.3,-3.9,105.8,116.8,-10.9,0.163,0.04,0.112,0.074,0.489,0.501,0.178,97.87,0.077,2025-26,2026,25.8,48.1,33.6,22.3,29.1,29.0
1631217,Moussa Diabaté,CHA,24.0,73,26.0,3.1,5.0,0.631,0.0,0.0,0.5,1.6,2.4,0.659,3.7,5.0,8.7,1.9,1.0,0.8,1.0,7.9,4.7,122.0,111.5,10.5,0.099,0.139,0.191,0.164,0.632,0.653,0.112,97.8,0.108,2025-26,2026,44.9,44.3,44.7,74.7,56.7,
1631221,Collin Gillespie,PHX,27.0,80,28.5,4.4,10.5,0.418,2.9,7.2,0.401,1.0,1.1,0.874,1.1,3.0,4.1,4.6,1.6,1.2,0.2,12.7,2.5,113.7,110.0,3.7,0.228,0.036,0.107,0.07,0.556,0.575,0.181,99.53,0.108,2025-26,2026,68.9,77.2,71.8,58.0,66.3,90.8
1631222,Jake LaRavia,LAL,24.0,82,25.1,2.9,6.4,0.459,1.0,3.0,0.321,1.4,1.9,0.763,1.4,2.6,4.0,1.8,1.1,1.3,0.5,8.2,-0.1,116.1,116.1,0.0,0.093,0.059,0.103,0.081,0.533,0.571,0.138,100.51,0.067,2025-26,2026,41.4,40.8,41.2,59.7,48.6,21.0
1631230,Dominick Barlow,PHI,23.0,71,23.8,3.0,5.6,0.539,0.3,1.2,0.256,1.3,1.8,0.718,1.9,2.9,4.8,1.2,0.8,0.9,0.7,7.7,0.4,112.7,111.9,0.8,0.069,0.075,0.118,0.096,0.565,0.597,0.125,101.23,0.078,2025-26,2026,39.4,26.9,35.0,66.5,47.6,
1631243,Mouhamed Gueye,ATL,23.0,77,15.3,1.7,3.8,0.452,0.5,1.7,0.308,0.5,0.8,0.645,1.2,2.4,3.6,0.9,0.4,0.8,0.5,4.4,0.6,112.5,110.1,2.3,0.076,0.071,0.151,0.111,0.521,0.539,0.12,102.61,0.075,2025-26,2026,14.2,25.5,18.2,67.3,37.8,
1631245,Quenton Jackson,IND,27.0,49,18.3,3.1,6.7,0.47,0.9,2.4,0.356,2.0,2.4,0.824,0.6,1.8,2.3,2.9,1.3,0.6,0.1,9.1,-1.3,109.1,112.9,-3.8,0.227,0.03,0.092,0.061,0.534,0.589,0.2,105.34,0.096,2025-26,2026,47.8,67.3,54.6,28.9,44.3,30.1
1631246,Vince Williams Jr.,UTA,25.0,40,20.5,2.6,7.3,0.353,1.4,4.4,0.311,1.0,1.3,0.78,1.0,2.9,3.9,4.2,1.8,0.7,0.4,7.5,0.2,108.7,108.4,0.3,0.281,0.044,0.123,0.084,0.447,0.478,0.19,102.34,0.085,2025-26,2026,32.0,77.2,47.8,59.1,52.3,31.8
1631248,Baylor Scheierman,BOS,25.0,77,18.6,2.0,4.3,0.453,1.3,3.2,0.399,0.4,0.4,0.903,0.7,2.8,3.5,1.5,0.6,0.5,0.1,5.5,2.6,116.3,109.0,7.3,0.108,0.038,0.138,0.089,0.599,0.616,0.117,96.77,0.085,2025-26,2026,40.3,42.2,41.0,39.2,40.2,62.0
1631250,Pete Nance,MIL,26.0,47,15.7,2.1,4.1,0.515,1.1,2.5,0.42,0.1,0.2,0.364,0.6,2.1,2.7,1.0,0.6,0.3,0.3,5.4,-1.7,112.2,117.4,-5.2,0.092,0.038,0.135,0.086,0.644,0.639,0.132,97.81,0.078,2025-26,2026,40.2,28.4,36.1,30.2,33.7,59.3
1631255,Karlo Matković,NOP,25.0,62,14.7,2.3,3.8,0.604,0.6,1.5,0.422,0.5,0.7,0.732,1.2,2.5,3.7,0.8,0.5,0.4,0.9,5.7,-1.5,107.2,111.6,-4.4,0.079,0.074,0.155,0.115,0.685,0.696,0.128,102.42,0.108,2025-26,2026,39.5,22.7,33.6,58.0,43.4,
1631260,AJ Green,MIL,26.0,78,29.1,3.4,7.9,0.424,3.0,7.1,0.419,0.7,0.8,0.855,0.4,2.4,2.7,1.9,1.0,0.5,0.1,10.4,-1.9,113.1,116.7,-3.6,0.09,0.013,0.08,0.046,0.612,0.627,0.135,99.28,0.058,2025-26,2026,71.0,42.9,61.1,16.0,43.1,94.7
1631288,Jamal Cain,ORL,27.0,40,12.1,1.9,3.8,0.487,0.7,1.8,0.384,1.0,1.2,0.848,0.7,1.3,2.0,0.7,0.5,0.3,0.1,5.4,1.1,118.0,113.5,4.5,0.085,0.055,0.109,0.08,0.579,0.624,0.159,100.94,0.081,2025-26,2026,34.7,21.5,30.1,23.2,27.3,
1631321,Sidy Cissoko,POR,22.0,75,19.1,1.8,4.5,0.398,0.8,2.6,0.298,0.8,1.2,0.659,0.8,1.4,2.2,1.5,0.9,0.7,0.3,5.1,-0.8,109.2,110.9,-1.7,0.107,0.041,0.071,0.056,0.487,0.514,0.123,102.55,0.036,2025-26,2026,15.8,38.8,23.8,41.7,31.0,9.7
1631323,Simone Fontecchio,MIA,30.0,70,16.7,2.8,6.7,0.412,1.8,4.7,0.375,1.2,1.5,0.843,0.8,2.2,3.0,1.4,0.7,0.5,0.1,8.5,1.3,113.8,110.5,3.3,0.121,0.042,0.118,0.08,0.542,0.579,0.184,105.28,0.09,2025-26,2026,51.4,40.1,47.4,34.4,42.2,66.5
1631342,Daeqwon Plowden,SAC,27.0,32,26.4,3.8,8.7,0.43,1.9,5.8,0.333,1.3,1.5,0.857,1.0,2.0,3.0,1.3,0.8,0.7,0.2,10.8,-6.4,111.2,122.1,-10.9,0.065,0.037,0.08,0.057,0.541,0.572,0.157,100.96,0.057,2025-26,2026,58.6,28.6,48.1,24.2,38.6,52.0
1641705,Victor Wembanyama,SAS,22.0,64,29.2,8.6,16.9,0.512,1.9,5.5,0.349,5.8,7.0,0.827,2.0,9.5,11.5,3.1,2.4,1.0,3.1,25.0,10.7,120.5,103.6,17.0,0.17,0.071,0.285,0.186,0.569,0.626,0.316,102.23,0.209,2025-26,2026,89.4,60.8,79.4,92.1,84.5,57.7
1641706,Brandon Miller,CHA,23.0,65,30.3,7.0,16.1,0.435,3.1,8.2,0.383,3.1,3.4,0.892,1.1,3.8,4.9,3.3,2.5,1.0,0.7,20.2,5.7,119.8,111.3,8.5,0.173,0.034,0.122,0.078,0.533,0.574,0.272,98.44,0.113,2025-26,2026,81.4,62.7,74.8,70.9,73.3,85.7
1641707,Taylor Hendricks,MEM,22.0,59,19.0,2.8,6.0,0.459,1.1,3.1,0.342,0.8,1.2,0.681,1.1,2.6,3.7,0.9,0.8,0.8,0.5,7.4,-4.4,108.4,119.1,-10.7,0.07,0.054,0.141,0.096,0.548,0.566,0.157,103.17,0.077,2025-26,2026,37.9,21.1,32.0,52.2,40.1,32.9
1641708,Amen Thompson,HOU,23.0,79,37.4,7.1,13.2,0.534,0.3,1.5,0.216,3.8,4.9,0.779,3.0,4.8,7.8,5.3,2.4,1.5,0.6,18.3,4.7,117.0,110.4,6.6,0.202,0.078,0.123,0.101,0.545,0.594,0.195,98.4,0.128,2025-26,2026,65.9,75.1,69.1,77.6,72.5,
1641709,Ausar Thompson,DET,23.0,73,26.0,4.2,7.9,0.525,0.1,0.3,0.25,1.5,2.6,0.571,2.1,3.7,5.7,3.1,1.5,2.0,0.9,9.9,5.4,118.8,107.2,11.6,0.155,0.08,0.135,0.108,0.53,0.545,0.168,100.86,0.101,2025-26,2026,37.2,63.1,46.2,87.3,62.7,
1641710,Anthony Black,ORL,22.0,64,29.8,5.4,12.1,0.447,1.6,4.7,0.333,2.6,3.6,0.732,0.7,3.1,3.8,3.7,2.1,1.4,0.7,15.0,-0.2,113.3,113.1,0.2,0.185,0.024,0.101,0.062,0.512,0.549,0.219,101.05,0.09,2025-26,2026,63.7,68.4,65.3,69.8,67.1,45.6
1641711,Gradey Dick,TOR,22.0,76,14.0,2.1,5.1,0.419,0.7,2.4,0.301,1.0,1.2,0.875,0.6,1.4,1.9,0.7,0.6,0.6,0.1,6.0,1.6,110.8,106.7,4.1,0.066,0.038,0.095,0.066,0.492,0.538,0.176,103.25,0.07,2025-26,2026,23.6,17.8,21.6,37.1,27.8,7.9
1641712,Rayan Rupert,MEM,22.0,64,16.8,1.9,4.9,0.393,0.7,2.1,0.324,0.7,0.8,0.778,0.8,2.2,2.9,1.1,0.9,0.9,0.1,5.2,-5.0,103.5,117.0,-13.6,0.093,0.04,0.129,0.082,0.463,0.493,0.148,103.02,0.055,2025-26,2026,14.6,27.3,19.0,38.7,26.9,13.2
1641713,GG Jackson,MEM,21.0,55,21.4,4.6,9.3,0.496,1.2,3.5,0.332,2.0,2.7,0.742,0.9,3.4,4.3,1.5,1.5,0.6,0.8,12.5,-1.5,114.0,117.5,-3.5,0.103,0.04,0.154,0.097,0.558,0.591,0.23,102.85,0.108,2025-26,2026,62.8,33.5,52.5,53.1,52.7,32.6
1641715,Cam Whitmore,WAS,21.0,21,16.9,3.7,8.0,0.456,0.8,2.7,0.286,1.1,1.5,0.742,0.9,1.9,2.8,0.7,0.9,0.7,0.4,9.2,-7.2,104.4,124.0,-19.6,0.067,0.049,0.102,0.075,0.503,0.528,0.225,105.84,0.082,2025-26,2026,36.6,14.8,29.0,37.9,32.5,8.3
1641716,Jarace Walker,IND,22.0,76,25.7,4.0,9.6,0.419,1.8,4.7,0.374,1.8,2.4,0.749,0.6,4.5,5.1,2.5,1.8,0.8,0.3,11.6,-6.0,106.5,117.6,-11.1,0.143,0.023,0.17,0.095,0.51,0.543,0.2,104.46,0.09,2025-26,2026,54.5,53.2,54.0,48.6,51.9,65.9
1641717,Cason Wallace,OKC,22.0,77,26.6,3.3,7.6,0.432,1.3,3.7,0.351,0.7,0.9,0.809,0.8,2.3,3.1,2.6,0.9,1.9,0.4,8.6,6.9,116.2,103.8,12.4,0.127,0.031,0.079,0.056,0.518,0.538,0.141,101.76,0.076,2025-26,2026,40.7,60.1,47.5,68.8,56.0,43.1
1641718,Keyonte George,UTA,22.0,54,33.1,7.4,16.3,0.456,2.5,6.7,0.371,6.2,7.0,0.892,0.4,3.3,3.7,6.1,3.1,1.1,0.3,23.6,-6.2,115.1,123.6,-8.6,0.286,0.012,0.096,0.054,0.532,0.609,0.275,103.25,0.122,2025-26,2026,88.8,80.3,85.8,43.2,68.8,75.8
1641722,Jordan Hawkins,NOP,24.0,51,13.6,1.8,5.0,0.366,0.9,2.6,0.348,0.5,0.5,0.852,0.4,1.3,1.7,0.8,0.7,0.3,0.2,5.1,-2.6,107.0,116.8,-9.8,0.086,0.026,0.089,0.058,0.457,0.48,0.175,103.84,0.055,2025-26,2026,15.2,22.0,17.6,17.9,17.7,27.0
1641724,Jett Howard,ORL,22.0,55,12.6,1.9,4.6,0.418,1.0,2.6,0.372,0.7,0.7,0.949,0.4,1.2,1.6,0.8,0.3,0.2,0.2,5.5,-1.3,112.6,118.1,-5.5,0.095,0.03,0.096,0.06,0.526,0.561,0.166,100.55,0.07,2025-26,2026,26.6,26.3,26.5,17.1,22.7,40.8
1641729,Brice Sensabaugh,UTA,22.0,75,23.5,5.3,11.4,0.46,2.2,5.9,0.367,2.2,2.7,0.826,0.7,2.3,3.1,1.9,1.7,0.7,0.2,14.9,-5.1,111.4,120.8,-9.4,0.124,0.03,0.097,0.063,0.554,0.59,0.244,105.02,0.09,2025-26,2026,74.8,43.1,63.7,28.6,49.7,70.8
1641730,Noah Clowney,BKN,21.0,66,27.0,3.8,9.6,0.396,2.0,5.9,0.329,2.7,3.4,0.804,0.8,3.3,4.1,1.6,1.5,0.8,0.7,12.3,-5.0,109.7,118.3,-8.7,0.095,0.029,0.128,0.077,0.498,0.554,0.202,98.49,0.072,2025-26,2026,60.8,34.8,51.7,54.7,52.9,52.6
1641731,Bilal Coulibaly,WAS,21.0,56,26.2,4.1,9.7,0.425,1.2,3.6,0.319,2.4,3.2,0.746,0.9,3.5,4.3,2.6,1.4,1.3,1.0,11.7,-7.4,108.5,121.2,-12.8,0.137,0.03,0.128,0.077,0.485,0.531,0.193,104.43,0.082,2025-26,2026,48.8,57.0,51.6,66.8,57.7,28.5
1641733,Nick Smith Jr.,LAL,22.0,30,12.5,2.3,5.4,0.435,1.1,2.9,0.395,0.4,0.5,0.733,0.1,0.7,0.8,1.0,0.7,0.3,0.1,6.2,-0.1,110.6,111.7,-1.1,0.127,0.009,0.054,0.032,0.54,0.552,0.212,101.35,0.067,2025-26,2026,30.5,32.4,31.2,18.0,25.9,54.0
1641737,Adem Bona,PHI,23.0,71,17.4,1.8,3.1,0.595,0.0,0.1,0.333,1.1,1.6,0.708,1.8,2.5,4.3,0.5,0.8,0.4,1.2,4.8,-0.1,113.1,112.9,0.3,0.034,0.099,0.138,0.119,0.6,0.638,0.108,102.35,0.069,2025-26,2026,29.7,12.6,23.7,55.6,36.5,
1641738,Kobe Brown,IND,26.0,61,15.8,2.1,4.4,0.469,0.9,2.3,0.374,0.8,1.0,0.797,1.1,1.9,3.0,1.3,0.9,0.4,0.2,5.8,-3.6,108.4,119.0,-10.5,0.123,0.072,0.119,0.096,0.565,0.594,0.154,100.6,0.078,2025-26,2026,34.7,35.6,35.0,23.3,30.3,37.9
1641739,Toumani Camara,POR,26.0,82,33.3,4.8,10.9,0.44,2.7,7.2,0.37,1.2,1.7,0.708,1.6,3.6,5.1,2.5,1.8,1.1,0.4,13.4,0.4,114.3,113.0,1.3,0.103,0.043,0.103,0.072,0.563,0.578,0.16,102.27,0.073,2025-26,2026,70.0,48.9,62.7,59.8,61.5,77.9
1641740,Jaylen Clark,MIN,24.0,68,13.1,1.5,3.4,0.434,0.5,1.5,0.327,0.6,1.0,0.657,0.8,1.0,1.8,0.6,0.3,0.7,0.1,4.0,1.1,113.0,108.9,4.1,0.064,0.056,0.069,0.062,0.507,0.534,0.126,103.47,0.054,2025-26,2026,11.7,18.3,14.1,34.8,22.3,
1641750,Ryan Kalkbrenner,CHA,24.0,69,21.4,3.2,4.2,0.753,0.0,0.1,0.0,1.2,1.7,0.716,2.4,3.0,5.5,0.8,0.9,0.5,1.5,7.6,0.7,112.3,111.2,1.1,0.053,0.109,0.133,0.121,0.753,0.762,0.113,100.4,0.108,2025-26,2026,45.4,16.1,35.1,60.9,45.5,
1641757,Jordan Miller,LAC,26.0,60,22.1,3.5,6.7,0.531,0.6,1.8,0.345,2.3,2.9,0.777,0.8,2.2,3.0,2.3,1.1,0.8,0.2,10.0,-0.2,114.3,114.7,-0.4,0.157,0.041,0.097,0.071,0.579,0.628,0.177,98.57,0.106,2025-26,2026,54.7,56.0,55.2,38.1,48.3,
1641764,Brandin Podziemski,GSW,23.0,82,28.4,4.8,10.6,0.455,1.9,5.0,0.371,2.3,2.9,0.797,0.9,4.2,5.1,3.7,1.6,1.1,0.2,13.8,0.2,110.3,110.4,-0.1,0.198,0.029,0.147,0.087,0.543,0.583,0.196,101.31,0.114,2025-26,2026,69.5,71.2,70.1,61.8,66.8,66.7
1641765,Olivier-Maxence Prosper,MEM,23.0,53,18.6,3.6,6.6,0.549,1.1,2.8,0.405,1.6,2.2,0.754,1.1,2.4,3.5,1.0,0.9,0.8,0.2,10.0,-3.9,110.7,120.4,-9.7,0.077,0.057,0.127,0.091,0.634,0.662,0.183,104.7,0.103,2025-26,2026,61.9,23.1,48.3,37.0,43.8,56.3
1641767,Ben Sheppard,IND,24.0,65,21.4,2.6,6.0,0.434,1.3,3.6,0.362,0.6,0.8,0.765,0.7,2.3,3.0,1.8,0.6,0.6,0.1,7.1,-4.1,107.1,116.0,-8.8,0.112,0.028,0.106,0.065,0.543,0.561,0.131,104.23,0.066,2025-26,2026,37.3,48.8,41.3,25.6,35.0,47.8
1641772,Nae'Qwan Tomlin,CLE,25.0,64,15.7,2.3,4.9,0.478,0.4,1.8,0.235,0.7,1.0,0.77,1.3,1.6,2.9,0.8,0.5,0.6,0.5,5.8,0.9,114.3,110.7,3.6,0.071,0.081,0.094,0.088,0.521,0.549,0.151,101.75,0.069,2025-26,2026,22.0,21.6,21.9,50.3,33.2,
1641774,Tristan Vukcevic,WAS,23.0,49,13.7,3.1,6.5,0.479,1.0,2.9,0.347,1.8,2.3,0.784,0.7,2.3,3.0,1.1,1.3,0.5,0.7,9.0,-4.6,103.5,118.5,-15.1,0.133,0.046,0.162,0.104,0.558,0.603,0.259,105.7,0.11,2025-26,2026,51.1,29.3,43.5,47.9,45.2,30.5
1641775,Jordan Walsh,BOS,22.0,68,17.8,2.0,3.9,0.509,0.7,1.8,0.384,0.6,0.8,0.772,1.3,2.8,4.0,0.8,0.5,0.7,0.5,5.4,1.4,117.9,112.8,5.1,0.059,0.069,0.146,0.108,0.599,0.623,0.114,95.8,0.08,2025-26,2026,34.6,20.4,29.6,59.1,41.4,
1641783,Tristan da Silva,ORL,25.0,77,24.7,3.6,8.1,0.45,1.6,4.2,0.374,1.1,1.2,0.884,0.8,2.9,3.7,1.6,0.9,0.9,0.3,9.9,1.3,113.2,111.6,1.6,0.092,0.03,0.115,0.073,0.547,0.576,0.16,100.96,0.085,2025-26,2026,55.0,38.9,49.4,55.2,51.7,61.9
1641796,Pelle Larsson,MIA,25.0,70,26.4,4.0,8.0,0.496,0.9,2.7,0.323,2.6,3.3,0.797,1.0,2.5,3.5,3.4,1.4,0.7,0.2,11.4,1.1,115.7,113.3,2.4,0.163,0.035,0.088,0.062,0.551,0.605,0.165,105.49,0.084,2025-26,2026,57.7,67.4,61.1,35.6,50.9,17.8
1641824,Matas Buzelis,CHI,21.0,77,29.2,5.8,12.5,0.463,2.2,6.4,0.349,2.4,3.1,0.786,1.0,4.8,5.8,2.1,2.1,0.7,1.5,16.3,-4.0,110.6,116.9,-6.3,0.103,0.033,0.152,0.094,0.553,0.586,0.223,104.25,0.097,2025-26,2026,76.0,42.1,64.1,61.1,62.9,63.4
1641842,Ronald Holland II,DET,20.0,78,19.9,3.0,7.0,0.432,0.6,2.5,0.253,1.5,1.9,0.805,1.1,3.0,4.0,1.2,1.2,1.2,0.3,8.2,1.7,110.2,104.5,5.7,0.088,0.052,0.141,0.097,0.478,0.525,0.184,101.85,0.085,2025-26,2026,30.2,26.0,28.8,71.7,45.9,2.6
1641854,Craig Porter Jr.,CLE,26.0,64,17.9,1.8,4.0,0.45,0.5,1.5,0.355,0.4,0.6,0.6,1.3,2.1,3.4,3.2,0.9,0.9,0.6,4.5,1.6,116.2,111.6,4.6,0.225,0.07,0.115,0.092,0.514,0.524,0.119,102.01,0.092,2025-26,2026,12.9,72.8,33.8,65.0,46.3,
1641989,Elijah Harkless,UTA,26.0,26,21.0,2.1,6.2,0.335,0.8,3.4,0.239,1.9,2.5,0.766,0.4,1.7,2.0,2.9,1.0,1.2,0.2,6.8,-1.3,113.5,116.0,-2.5,0.177,0.018,0.077,0.047,0.401,0.471,0.162,103.83,0.055,2025-26,2026,23.2,66.7,38.5,40.8,39.4,6.5
1642258,Zaccharie Risacher,ATL,21.0,67,22.4,3.6,8.0,0.455,1.4,3.9,0.368,0.9,1.3,0.644,1.1,2.8,3.8,1.1,0.9,0.9,0.5,9.6,-0.2,112.8,112.6,0.2,0.068,0.044,0.121,0.081,0.544,0.557,0.168,105.34,0.07,2025-26,2026,48.4,23.6,39.7,62.3,48.8,52.9
1642259,Alex Sarr,WAS,21.0,48,27.2,6.6,13.7,0.482,1.0,3.1,0.333,2.1,3.0,0.692,2.2,5.2,7.4,2.7,1.7,0.8,2.0,16.3,-7.3,108.0,120.4,-12.4,0.161,0.073,0.179,0.126,0.52,0.544,0.252,103.35,0.121,2025-26,2026,59.1,58.7,59.0,64.6,61.2,25.6
1642261,Dalton Knecht,LAL,25.0,54,10.2,1.6,3.5,0.455,0.7,2.1,0.342,0.3,0.4,0.727,0.3,1.1,1.4,0.4,0.4,0.2,0.2,4.2,-1.5,105.2,113.7,-8.5,0.059,0.026,0.108,0.068,0.555,0.568,0.171,100.57,0.069,2025-26,2026,19.5,16.3,18.4,25.9,21.4,19.7
1642262,Cody Williams,UTA,21.0,67,24.3,3.6,7.6,0.468,0.4,2.0,0.214,1.3,1.8,0.706,0.9,2.0,3.0,2.0,1.1,0.8,0.4,8.8,-5.9,110.9,121.4,-10.6,0.111,0.036,0.084,0.059,0.495,0.524,0.159,105.04,0.057,2025-26,2026,31.2,47.3,36.8,37.6,37.1,0.6
1642263,Reed Sheppard,HOU,22.0,82,26.2,5.0,11.5,0.43,2.8,7.0,0.394,0.8,1.0,0.802,0.3,2.6,2.9,3.4,1.5,1.5,0.7,13.5,3.4,115.9,111.6,4.3,0.183,0.012,0.092,0.053,0.55,0.564,0.21,98.73,0.102,2025-26,2026,67.5,68.1,67.7,71.1,69.0,88.2
1642264,Stephon Castle,SAS,21.0,68,30.0,5.7,12.0,0.471,1.2,3.6,0.332,4.1,5.6,0.734,1.4,3.9,5.3,7.4,3.2,1.1,0.3,16.7,6.0,118.2,108.4,9.8,0.344,0.047,0.119,0.084,0.521,0.575,0.243,102.28,0.117,2025-26,2026,68.0,83.5,73.4,65.0,70.1,32.6
1642265,Rob Dillingham,CHI,21.0,65,14.9,2.5,6.3,0.396,0.6,2.0,0.316,0.6,0.8,0.745,0.3,1.7,2.0,2.2,1.5,0.7,0.1,6.3,-2.2,105.9,113.3,-7.4,0.206,0.018,0.105,0.062,0.447,0.469,0.218,106.08,0.06,2025-26,2026,18.9,54.8,31.5,34.6,32.7,8.3
1642266,Ja'Kobe Walter,TOR,21.0,72,20.5,2.5,5.6,0.446,1.5,3.7,0.409,1.0,1.3,0.789,0.8,1.8,2.6,1.2,0.5,1.0,0.2,7.5,0.0,111.6,110.7,0.9,0.079,0.037,0.088,0.062,0.582,0.61,0.136,100.83,0.069,2025-26,2026,51.1,31.3,44.2,49.2,46.2,70.3
1642267,Bub Carrington,WAS,20.0,82,27.7,3.8,9.0,0.424,2.1,5.0,0.408,1.0,1.4,0.73,0.4,3.0,3.4,4.6,2.3,0.6,0.2,10.7,-9.1,107.3,122.6,-15.3,0.231,0.013,0.104,0.058,0.538,0.556,0.174,103.8,0.072,2025-26,2026,56.6,74.7,62.9,25.3,47.9,84.0
1642268,Isaiah Collier,UTA,21.0,59,25.7,4.3,8.7,0.495,0.5,1.7,0.27,2.6,3.5,0.722,0.4,2.2,2.5,7.2,2.5,1.1,0.3,11.7,-7.5,109.4,122.6,-13.2,0.404,0.013,0.085,0.048,0.521,0.567,0.204,104.25,0.102,2025-26,2026,47.8,84.5,60.6,40.9,52.7,
1642269,Devin Carter,SAC,24.0,38,18.4,3.2,7.7,0.414,0.8,3.0,0.263,1.8,2.5,0.713,0.9,2.3,3.3,2.7,1.4,0.9,0.2,8.9,-3.0,111.0,118.3,-7.3,0.209,0.048,0.13,0.088,0.466,0.508,0.226,100.78,0.094,2025-26,2026,33.3,63.8,43.9,42.0,43.2,7.0
1642270,Donovan Clingan,POR,22.0,77,27.2,4.6,8.9,0.52,1.1,3.2,0.341,1.8,2.6,0.68,4.5,7.1,11.6,2.1,1.2,0.6,1.7,12.1,0.2,113.9,113.8,0.1,0.112,0.149,0.254,0.199,0.582,0.604,0.163,101.86,0.139,2025-26,2026,62.3,48.4,57.5,67.6,61.5,32.5
1642271,Kyle Filipowski,UTA,22.0,77,23.4,4.2,8.5,0.492,1.0,3.0,0.325,2.1,2.8,0.75,1.9,5.3,7.2,2.6,1.6,0.9,0.5,11.4,-3.3,113.7,120.4,-6.6,0.156,0.076,0.225,0.149,0.548,0.586,0.197,104.07,0.106,2025-26,2026,55.7,56.9,56.2,60.4,57.9,22.4
1642272,Jared McCain,OKC,22.0,67,17.3,3.0,7.2,0.425,1.5,3.8,0.385,0.8,0.9,0.864,0.3,1.7,2.0,1.3,0.8,0.5,0.1,8.3,1.9,113.5,108.9,4.6,0.111,0.019,0.092,0.056,0.528,0.551,0.198,102.61,0.079,2025-26,2026,42.9,35.5,40.3,31.5,36.8,63.0
1642273,Kyshawn George,WAS,22.0,48,29.0,5.3,12.0,0.438,2.1,5.4,0.381,2.2,2.7,0.802,0.9,4.2,5.1,4.5,2.6,1.0,0.9,14.8,-7.4,108.3,119.7,-11.5,0.226,0.028,0.135,0.081,0.524,0.559,0.222,103.49,0.09,2025-26,2026,67.7,73.5,69.7,63.0,67.0,75.6
1642274,Yves Missi,NOP,22.0,66,19.7,2.4,4.5,0.544,0.0,0.0,0.0,0.9,1.5,0.559,2.8,3.1,5.8,1.3,0.8,0.3,1.5,5.7,-0.6,112.7,114.1,-1.3,0.087,0.128,0.147,0.137,0.544,0.556,0.122,100.7,0.087,2025-26,2026,19.7,31.7,23.9,52.9,35.5,
1642275,Tidjane Salaün,CHA,20.0,37,15.6,2.2,4.3,0.503,1.0,2.2,0.434,0.7,1.1,0.65,0.7,3.3,4.0,0.7,0.7,0.4,0.2,6.0,-0.1,113.2,111.1,2.1,0.071,0.044,0.205,0.125,0.616,0.629,0.147,99.11,0.102,2025-26,2026,42.1,17.8,33.6,43.4,37.5,56.2
1642276,Kel'el Ware,MIA,22.0,77,22.1,4.5,8.4,0.53,1.2,3.0,0.395,0.9,1.2,0.74,2.8,6.2,9.0,0.7,0.8,0.8,1.1,11.1,-0.9,113.1,114.1,-1.0,0.046,0.113,0.247,0.18,0.601,0.616,0.174,105.48,0.137,2025-26,2026,62.5,15.0,45.9,72.0,56.3,57.7
1642277,Johnny Furphy,IND,21.0,35,18.4,2.0,4.3,0.47,0.7,2.0,0.324,0.5,1.0,0.486,0.9,3.5,4.4,1.2,0.8,0.6,0.2,5.1,-1.7,110.1,114.8,-4.6,0.085,0.049,0.191,0.119,0.547,0.547,0.125,102.22,0.066,2025-26,2026,19.7,29.3,23.1,42.0,30.6,13.2
1642278,Tyler Kolek,NYK,25.0,62,11.7,1.7,4.0,0.435,0.7,1.8,0.386,0.2,0.3,0.7,0.3,1.3,1.6,2.7,0.9,0.4,0.1,4.4,1.7,111.7,105.7,6.0,0.328,0.021,0.108,0.064,0.524,0.533,0.173,100.53,0.101,2025-26,2026,15.3,71.1,34.8,34.0,34.5,
1642281,Jaylon Tyson,CLE,23.0,66,26.9,5.0,10.2,0.493,2.0,4.5,0.446,1.2,1.6,0.738,1.8,3.3,5.1,2.2,1.5,0.8,0.4,13.2,1.7,117.0,113.4,3.6,0.115,0.064,0.118,0.091,0.592,0.608,0.189,101.39,0.092,2025-26,2026,72.3,48.2,63.9,53.7,59.8,86.2
1642285,Cam Spencer,MEM,26.0,72,23.8,3.7,7.7,0.473,2.0,4.5,0.449,1.8,1.9,0.94,0.6,2.0,2.5,5.6,1.3,0.7,0.2,11.1,-1.2,112.4,116.0,-3.6,0.332,0.022,0.082,0.051,0.604,0.649,0.166,101.59,0.12,2025-26,2026,71.4,85.8,76.5,29.0,57.5,86.3
1642345,Oso Ighodaro,PHX,23.0,82,22.1,2.9,4.5,0.653,0.0,0.0,0.0,0.6,1.4,0.453,1.7,3.4,5.1,2.3,1.2,0.9,0.7,6.5,2.0,114.8,109.7,5.1,0.139,0.071,0.158,0.113,0.653,0.636,0.12,98.44,0.09,2025-26,2026,37.5,54.1,43.3,75.6,56.2,
1642346,Ryan Dunn,PHX,23.0,70,19.4,2.3,5.2,0.453,0.8,2.4,0.331,0.3,0.7,0.489,1.4,2.8,4.2,1.5,0.8,0.9,0.4,5.8,0.1,110.4,108.7,1.7,0.105,0.068,0.142,0.105,0.53,0.532,0.136,98.02,0.081,2025-26,2026,22.6,39.7,28.6,67.8,44.3,17.7
1642347,Jamal Shead,TOR,23.0,82,22.6,2.3,6.1,0.367,1.0,3.2,0.321,1.1,1.4,0.784,0.3,1.4,1.7,5.4,1.4,0.9,0.2,6.6,2.8,114.1,108.3,5.8,0.306,0.014,0.064,0.038,0.45,0.491,0.149,100.44,0.078,2025-26,2026,24.7,83.5,45.3,45.9,45.5,21.0
1642348,Justin Edwards,PHI,22.0,64,15.3,2.2,5.0,0.447,1.0,2.8,0.372,0.5,0.6,0.846,0.4,1.1,1.5,1.3,0.6,0.8,0.2,6.0,-1.1,111.7,115.0,-3.4,0.114,0.025,0.07,0.047,0.552,0.572,0.154,103.91,0.068,2025-26,2026,32.3,37.8,34.2,31.9,33.3,40.8
1642349,Ajay Mitchell,OKC,24.0,57,25.8,5.0,10.4,0.485,1.1,3.1,0.347,2.5,2.8,0.87,0.7,2.6,3.3,3.6,1.4,1.2,0.3,13.6,8.8,118.2,102.5,15.6,0.194,0.027,0.093,0.062,0.536,0.585,0.21,102.48,0.116,2025-26,2026,63.0,71.0,65.8,63.8,65.0,34.7
1642354,KJ Simpson,DEN,23.0,20,12.9,1.7,5.0,0.343,0.6,2.0,0.3,0.6,0.9,0.611,0.5,1.4,1.9,2.2,1.3,0.8,0.0,4.6,-0.1,110.1,110.0,0.0,0.246,0.034,0.112,0.072,0.404,0.426,0.21,100.24,0.065,2025-26,2026,10.8,58.2,27.4,42.0,33.2,5.8
1642363,Nique Clifford,SAC,24.0,75,25.1,3.3,7.9,0.418,1.0,3.1,0.333,0.9,1.3,0.722,0.9,2.9,3.8,2.4,1.5,0.9,0.3,8.6,-2.9,111.3,115.8,-4.5,0.13,0.034,0.115,0.074,0.482,0.505,0.167,100.77,0.062,2025-26,2026,33.8,52.6,40.4,47.1,43.1,25.6
1642364,Jamir Watkins,WAS,24.0,50,20.6,2.6,5.9,0.446,0.9,3.2,0.297,1.1,1.6,0.695,1.0,2.9,3.9,1.3,0.8,1.1,0.5,7.4,-3.3,109.4,115.8,-6.4,0.089,0.046,0.14,0.092,0.525,0.554,0.148,103.26,0.069,2025-26,2026,33.7,32.0,33.1,63.2,45.2,12.2
1642366,Quinten Post,GSW,26.0,67,17.3,2.9,6.6,0.44,1.4,4.1,0.336,0.5,0.6,0.791,1.0,3.0,4.0,1.4,0.8,0.4,0.5,7.7,0.9,112.4,110.2,2.3,0.116,0.057,0.165,0.111,0.546,0.56,0.183,101.7,0.089,2025-26,2026,41.0,38.6,40.2,55.2,46.2,40.4
1642377,Jaylen Wells,MEM,22.0,69,26.4,4.4,10.1,0.431,1.9,5.3,0.353,1.9,2.5,0.784,0.9,2.3,3.2,1.6,1.1,0.9,0.1,12.5,-2.6,113.4,117.8,-4.4,0.085,0.031,0.086,0.058,0.524,0.559,0.189,102.14,0.069,2025-26,2026,61.1,36.1,52.4,29.6,43.3,59.6
1642382,Branden Carlson,OKC,27.0,42,11.6,2.3,4.4,0.527,0.7,2.0,0.36,0.4,0.6,0.577,0.7,2.3,3.0,0.7,0.4,0.2,0.6,5.8,-0.6,112.6,114.6,-2.0,0.086,0.057,0.182,0.121,0.61,0.613,0.185,102.2,0.109,2025-26,2026,36.4,22.4,31.5,47.7,38.0,26.8
1642383,Walter Clayton Jr.,MEM,23.0,69,20.4,2.6,6.7,0.384,1.1,3.5,0.307,1.6,1.8,0.901,0.4,1.7,2.0,4.0,1.7,0.6,0.3,7.8,-4.1,111.7,121.2,-9.6,0.274,0.017,0.081,0.048,0.465,0.523,0.181,103.23,0.073,2025-26,2026,33.3,76.8,48.5,25.8,39.4,22.0
1642450,Daniss Jenkins,DET,24.0,72,20.2,3.2,7.9,0.408,1.0,2.7,0.374,1.9,2.2,0.832,0.7,1.6,2.3,3.9,1.6,0.9,0.2,9.3,2.9,113.2,106.6,6.6,0.27,0.034,0.077,0.055,0.473,0.525,0.209,101.34,0.1,2025-26,2026,38.8,76.5,52.0,48.4,50.6,41.9
1642461,Spencer Jones,DEN,25.0,64,22.1,2.1,4.1,0.504,0.9,2.3,0.396,0.5,0.8,0.608,1.2,2.1,3.3,0.8,0.5,0.8,0.5,5.5,0.0,116.9,115.3,1.6,0.047,0.055,0.09,0.073,0.613,0.619,0.097,99.33,0.045,2025-26,2026,36.6,20.0,30.8,47.5,37.5,46.2
1642502,Malevy Leons,GSW,26.0,25,11.1,1.3,2.9,0.444,0.2,0.6,0.25,0.6,0.8,0.789,1.2,0.9,2.1,0.9,0.5,0.6,0.4,3.3,-3.0,111.6,122.2,-10.6,0.117,0.106,0.089,0.098,0.472,0.516,0.137,99.83,0.062,2025-26,2026,6.0,30.8,14.7,31.4,21.4,
1642843,Cooper Flagg,DAL,19.0,70,33.5,8.0,17.1,0.468,1.0,3.5,0.295,4.0,4.9,0.827,1.2,5.4,6.7,4.5,2.3,1.2,0.9,21.0,-3.8,109.5,114.7,-5.2,0.212,0.035,0.151,0.093,0.498,0.548,0.264,102.96,0.128,2025-26,2026,66.5,73.5,68.9,74.3,71.1,15.8
1642844,Dylan Harper,SAS,20.0,69,22.6,4.8,9.5,0.505,0.9,2.6,0.343,1.3,1.7,0.756,0.8,2.6,3.4,3.9,1.4,0.8,0.3,11.8,4.4,116.9,107.4,9.5,0.246,0.033,0.106,0.07,0.551,0.574,0.211,101.49,0.113,2025-26,2026,53.7,77.0,61.8,55.6,59.3,25.1
1642845,VJ Edgecombe,PHI,20.0,75,35.0,6.0,13.7,0.438,2.0,5.6,0.354,2.0,2.4,0.818,1.6,4.0,5.6,4.2,1.8,1.4,0.5,16.0,0.8,114.8,113.9,0.9,0.172,0.044,0.111,0.077,0.51,0.54,0.196,100.44,0.092,2025-26,2026,66.1,72.2,68.2,65.8,67.3,62.6
1642846,Ace Bailey,UTA,19.0,72,27.6,5.5,12.4,0.443,1.9,5.5,0.344,0.9,1.2,0.75,1.4,2.8,4.2,1.8,1.5,0.8,0.7,13.8,-6.2,109.8,120.4,-10.7,0.098,0.048,0.097,0.072,0.52,0.533,0.21,104.58,0.069,2025-26,2026,60.4,38.8,52.9,48.2,51.0,55.7
1642847,Jeremiah Fears,NOP,19.0,82,25.8,5.3,12.3,0.434,1.2,3.7,0.33,2.4,3.0,0.789,0.7,2.9,3.7,3.4,2.2,1.2,0.4,14.3,-3.5,111.8,118.2,-6.4,0.195,0.026,0.109,0.067,0.485,0.525,0.245,102.98,0.093,2025-26,2026,55.7,65.9,59.3,54.3,57.3,31.8
1642848,Tre Johnson,WAS,20.0,60,24.0,4.5,10.8,0.419,1.9,5.4,0.358,1.3,1.5,0.874,0.5,2.4,2.8,2.0,1.6,0.6,0.3,12.2,-5.6,108.7,119.9,-11.2,0.122,0.018,0.093,0.055,0.508,0.535,0.22,104.38,0.068,2025-26,2026,56.5,45.0,52.5,29.1,43.1,61.1
1642849,Nolan Traore,BKN,20.0,56,22.2,3.3,8.6,0.38,1.1,3.4,0.318,1.3,1.7,0.787,0.3,1.5,1.8,3.8,2.3,0.8,0.4,8.9,-5.0,108.2,118.8,-10.5,0.265,0.011,0.073,0.04,0.444,0.479,0.224,98.4,0.056,2025-26,2026,35.3,72.8,48.4,37.3,44.0,24.2
1642851,Kon Knueppel,CHA,20.0,81,31.5,6.4,13.4,0.475,3.4,7.9,0.425,2.4,2.8,0.863,1.2,4.1,5.3,3.4,2.0,0.7,0.2,18.5,4.0,119.2,113.0,6.2,0.158,0.036,0.128,0.082,0.601,0.633,0.216,99.73,0.115,2025-26,2026,89.3,63.8,80.4,43.7,65.7,97.8
1642852,Derik Queen,NOP,21.0,81,25.0,4.4,9.2,0.473,0.3,1.1,0.261,2.7,3.4,0.795,1.7,5.4,7.1,3.7,2.3,1.0,0.9,11.7,-3.8,112.7,119.4,-6.7,0.208,0.065,0.207,0.136,0.489,0.546,0.214,103.32,0.109,2025-26,2026,43.3,69.3,52.4,69.1,59.1,
1642853,Rasheer Fleming,PHX,21.0,55,12.2,1.6,3.9,0.405,0.8,2.4,0.346,0.3,0.6,0.559,1.0,1.2,2.3,0.3,0.5,0.4,0.4,4.3,1.8,112.7,106.6,6.1,0.033,0.08,0.099,0.089,0.509,0.517,0.159,96.98,0.056,2025-26,2026,13.1,14.3,13.5,45.9,26.5,23.3
1642854,Asa Newell,ATL,20.0,44,11.4,2.1,3.8,0.538,0.7,1.7,0.387,0.4,0.7,0.552,1.0,1.2,2.2,0.6,0.5,0.4,0.3,5.2,-1.0,110.2,114.0,-3.8,0.072,0.078,0.106,0.091,0.624,0.624,0.16,105.72,0.074,2025-26,2026,34.0,18.3,28.5,32.4,30.1,
1642856,Egor Dëmin,BKN,20.0,52,25.2,3.4,8.6,0.399,2.4,6.2,0.385,1.0,1.3,0.831,0.4,2.8,3.2,3.3,1.7,0.8,0.3,10.3,-3.1,109.5,115.4,-5.9,0.199,0.015,0.116,0.063,0.537,0.561,0.182,99.16,0.081,2025-26,2026,57.2,66.8,60.6,44.7,54.2,80.0
1642857,Kasparas Jakučionis,MIA,20.0,53,17.8,1.9,4.5,0.429,1.2,2.9,0.423,1.1,1.2,0.879,0.8,1.8,2.6,2.6,0.9,0.6,0.1,6.2,1.4,115.9,112.9,3.0,0.178,0.04,0.096,0.067,0.567,0.614,0.129,106.96,0.073,2025-26,2026,43.2,63.8,50.4,29.9,42.2,63.5
1642859,Jase Richardson,ORL,20.0,54,10.9,1.6,3.5,0.473,0.5,1.5,0.354,0.6,0.9,0.717,0.4,0.8,1.2,1.1,0.5,0.4,0.0,4.4,-0.3,111.9,112.8,-0.8,0.145,0.034,0.074,0.053,0.548,0.574,0.162,100.95,0.074,2025-26,2026,20.7,37.3,26.5,16.9,22.7,
1642860,Will Riley,WAS,20.0,74,22.1,3.7,8.4,0.439,1.1,3.3,0.316,1.9,2.4,0.8,0.8,2.1,2.9,2.0,1.3,0.7,0.1,10.3,-6.5,107.3,121.4,-14.1,0.131,0.033,0.097,0.064,0.502,0.548,0.196,103.18,0.08,2025-26,2026,47.1,48.0,47.4,23.6,37.9,23.4
1642862,Liam McNeeley,CHA,20.0,31,11.9,1.2,3.1,0.4,0.8,1.9,0.4,1.0,1.3,0.821,0.4,1.9,2.4,0.8,0.4,0.2,0.1,4.3,0.3,111.5,109.9,1.6,0.096,0.034,0.167,0.098,0.526,0.588,0.144,98.74,0.079,2025-26,2026,25.4,26.2,25.6,36.1,29.8,
1642864,Hugo González,BOS,20.0,74,14.6,1.6,3.3,0.476,0.6,1.6,0.362,0.2,0.4,0.5,0.8,2.5,3.3,0.5,0.5,0.6,0.3,3.9,3.3,118.0,106.2,11.9,0.047,0.055,0.158,0.107,0.561,0.561,0.114,97.78,0.067,2025-26,2026,16.3,15.6,16.1,56.5,32.3,
1642867,Collin Murray-Boyles,TOR,21.0,57,21.9,3.5,6.0,0.579,0.3,0.9,0.34,1.2,1.9,0.657,2.3,2.7,5.0,1.9,1.0,0.9,0.9,8.5,0.8,111.7,109.1,2.6,0.122,0.102,0.121,0.112,0.604,0.621,0.15,99.54,0.098,2025-26,2026,46.2,47.3,46.6,73.6,57.4,
1642868,Carter Bryant,SAS,20.0,71,11.5,1.5,3.7,0.408,0.7,2.2,0.335,0.4,0.6,0.714,0.5,2.0,2.5,0.7,0.5,0.2,0.3,4.2,-0.1,109.1,108.4,0.8,0.08,0.044,0.154,0.1,0.506,0.526,0.158,102.06,0.071,2025-26,2026,12.9,20.8,15.7,45.9,27.8,17.7
1642869,Noah Penda,ORL,21.0,59,12.8,1.4,3.4,0.404,0.5,1.6,0.323,0.6,0.8,0.688,1.1,2.0,3.2,1.2,0.7,0.5,0.3,3.8,-0.9,110.4,113.4,-3.0,0.124,0.081,0.159,0.118,0.478,0.506,0.14,101.42,0.076,2025-26,2026,7.9,36.1,17.7,44.1,28.3,
1642874,Danny Wolf,BKN,22.0,57,20.8,3.1,7.7,0.405,1.2,3.7,0.322,1.5,1.9,0.771,1.0,3.9,4.9,2.2,1.3,0.5,0.6,8.9,-4.1,102.9,111.9,-9.0,0.178,0.046,0.195,0.117,0.482,0.521,0.201,98.09,0.096,2025-26,2026,38.6,54.7,44.2,59.1,50.2,29.3
1642875,Maxime Raynaud,SAC,23.0,74,26.5,5.2,9.1,0.571,0.3,1.0,0.324,1.8,2.3,0.786,1.9,5.6,7.5,1.4,1.3,0.5,0.5,12.5,-6.2,110.4,121.3,-10.9,0.074,0.07,0.211,0.14,0.589,0.619,0.178,101.41,0.109,2025-26,2026,59.5,28.1,48.5,45.7,47.4,
1642877,Micah Peavy,NOP,24.0,61,15.0,1.7,4.5,0.385,0.5,1.8,0.259,0.4,0.5,0.759,0.8,1.2,1.9,1.0,0.3,0.7,0.1,4.3,-1.7,110.4,114.5,-4.1,0.089,0.046,0.073,0.059,0.436,0.455,0.135,103.08,0.044,2025-26,2026,8.0,30.0,15.7,25.7,19.7,
1642878,Tyrese Proctor,CLE,22.0,50,10.9,1.9,4.5,0.413,0.9,2.6,0.351,0.8,0.9,0.889,0.2,1.1,1.3,1.5,0.8,0.5,0.0,5.4,-0.1,112.5,112.8,-0.3,0.196,0.019,0.092,0.055,0.516,0.556,0.214,100.87,0.087,2025-26,2026,24.0,47.3,32.2,22.8,28.4,28.2
1642879,Ben Saraf,BKN,20.0,44,20.8,2.7,6.9,0.396,0.4,2.0,0.211,1.7,2.0,0.83,0.5,1.6,2.1,3.3,2.3,0.9,0.2,7.5,-5.4,103.6,116.0,-12.5,0.244,0.021,0.085,0.052,0.427,0.486,0.202,100.13,0.06,2025-26,2026,23.4,66.9,38.6,36.0,37.6,0.4
1642880,Kam Jones,IND,24.0,37,16.7,1.8,4.6,0.402,0.6,2.0,0.293,0.1,0.2,0.5,0.4,1.2,1.6,3.2,1.0,0.5,0.0,4.4,-3.9,106.0,116.0,-10.0,0.262,0.024,0.071,0.048,0.467,0.47,0.141,104.2,0.061,2025-26,2026,10.1,73.2,32.2,12.5,24.3,4.6
1642883,Sion James,CHA,23.0,82,22.5,1.7,4.5,0.371,1.0,2.9,0.352,1.0,1.2,0.837,0.6,2.9,3.5,2.0,0.8,0.6,0.2,5.4,0.8,113.2,110.0,3.3,0.121,0.026,0.124,0.075,0.483,0.531,0.109,99.1,0.062,2025-26,2026,21.2,51.2,31.7,44.4,36.8,32.8
1642907,Cedric Coward,MEM,22.0,62,25.8,4.9,10.5,0.471,1.5,4.4,0.338,2.3,2.7,0.843,1.3,4.5,5.9,2.8,1.7,0.6,0.4,13.6,0.4,113.8,113.5,0.3,0.154,0.05,0.16,0.106,0.542,0.585,0.207,104.31,0.11,2025-26,2026,66.5,59.4,64.0,51.9,59.2,44.5
1642914,Javon Small,MEM,23.0,41,20.2,3.3,7.0,0.465,1.5,3.5,0.423,1.7,2.0,0.829,0.9,2.2,3.1,3.7,1.4,0.8,0.2,9.7,-2.6,111.7,117.4,-5.7,0.257,0.04,0.109,0.074,0.569,0.611,0.183,104.37,0.109,2025-26,2026,60.2,75.2,65.4,36.4,53.8,72.6
1642920,Kobe Sanders,LAC,24.0,68,19.9,2.6,5.6,0.466,1.2,2.9,0.408,0.8,1.0,0.826,0.4,1.8,2.3,1.6,1.2,0.7,0.1,7.3,0.5,113.1,112.9,0.2,0.117,0.022,0.088,0.056,0.57,0.597,0.155,99.33,0.062,2025-26,2026,44.9,40.1,43.2,31.8,38.7,60.8
1642928,Dylan Cardwell,SAC,24.0,44,20.6,2.4,4.1,0.587,0.0,0.1,0.5,0.6,1.2,0.51,3.3,4.2,7.5,1.4,0.9,0.7,1.5,5.4,-1.5,108.6,111.1,-2.5,0.095,0.148,0.202,0.174,0.592,0.591,0.108,100.31,0.089,2025-26,2026,24.8,34.3,28.1,74.6,46.7,
1642942,Jahmai Mashack,MEM,23.0,31,21.7,2.5,6.3,0.395,0.6,2.4,0.253,0.6,1.1,0.543,0.7,1.9,2.6,2.2,1.6,1.2,0.5,6.2,-6.8,106.2,120.7,-14.5,0.141,0.031,0.086,0.057,0.444,0.456,0.156,104.0,0.041,2025-26,2026,18.1,49.9,29.3,51.2,38.0,2.6
1642948,Ryan Nembhard,DAL,23.0,60,19.5,2.7,6.5,0.415,0.8,2.3,0.356,0.4,0.5,0.806,0.2,2.0,2.2,5.3,1.4,0.4,0.0,6.6,-0.4,111.2,113.1,-1.9,0.353,0.011,0.095,0.054,0.477,0.492,0.173,101.89,0.087,2025-26,2026,22.9,83.8,44.2,20.0,34.5,27.4
1642949,Yanic Konan Niederhäuser,LAC,23.0,41,10.3,1.6,2.4,0.64,0.0,0.1,0.2,1.1,1.5,0.758,0.9,2.0,2.9,0.3,0.6,0.1,0.7,4.3,0.9,113.9,109.4,4.5,0.041,0.096,0.176,0.14,0.645,0.691,0.153,98.96,0.098,2025-26,2026,29.2,13.6,23.7,57.6,37.3,
1642954,Will Richard,GSW,23.0,69,20.0,2.3,5.0,0.468,1.0,3.1,0.335,0.7,0.8,0.852,1.0,1.5,2.5,1.3,0.8,1.2,0.1,6.4,-1.4,110.3,113.6,-3.3,0.094,0.045,0.078,0.061,0.571,0.596,0.123,102.86,0.063,2025-26,2026,38.9,32.7,36.7,40.9,38.4,26.7
1642962,Drake Powell,BKN,20.0,63,20.9,2.3,5.7,0.402,0.8,2.9,0.28,1.1,1.2,0.896,0.3,1.4,1.8,1.4,1.0,0.6,0.2,6.5,-7.1,100.3,116.3,-16.1,0.113,0.016,0.07,0.042,0.473,0.521,0.149,98.56,0.053,2025-26,2026,24.3,36.1,28.4,23.0,26.2,8.1
1643007,Taelon Peter,IND,24.0,38,13.0,1.6,4.2,0.38,1.1,3.3,0.328,0.3,0.4,0.625,0.3,1.3,1.6,1.1,0.7,0.7,0.1,4.5,-2.6,103.2,111.8,-8.7,0.113,0.019,0.096,0.057,0.509,0.518,0.159,105.12,0.057,2025-26,2026,18.0,32.8,23.2,35.4,28.1,27.4
