PLAYER_ID,PLAYER_NAME,TEAM_ABBREVIATION,AGE_2025_26,GP_2025_26,MIN_2025_26,AGE_2026_27,PROJECTED_PTS,PROJECTED_REB,PROJECTED_AST,PROJECTED_FG3M,PROJECTED_STL,PROJECTED_BLK,PREDICTION_SEASON
2544,LeBron James,LAL,41.0,60,33.2,42.0,20.42,5.34,6.37,1.43,0.91,0.48,2026-27
201142,Kevin Durant,HOU,37.0,78,36.4,38.0,25.88,5.01,4.54,2.19,0.76,0.82,2026-27
201143,Al Horford,GSW,40.0,45,21.5,41.0,7.21,3.88,1.65,1.52,0.48,0.76,2026-27
201144,Mike Conley,MIN,38.0,54,18.4,39.0,3.71,0.9,2.48,1.01,0.59,0.12,2026-27
201566,Russell Westbrook,SAC,37.0,64,28.9,38.0,12.37,3.5,5.37,1.84,1.05,0.16,2026-27
201567,Kevin Love,UTA,37.0,37,16.6,38.0,5.68,3.75,0.96,1.25,0.37,0.09,2026-27
201572,Brook Lopez,LAC,38.0,75,21.8,39.0,7.66,2.96,0.82,1.38,0.48,1.12,2026-27
201587,Nicolas Batum,LAC,37.0,74,17.5,38.0,3.57,1.75,0.65,1.18,0.52,0.25,2026-27
201935,James Harden,CLE,36.0,70,34.8,37.0,21.93,4.11,7.32,2.81,1.09,0.38,2026-27
201939,Stephen Curry,GSW,38.0,43,30.9,39.0,25.43,3.15,4.73,4.04,0.95,0.31,2026-27
201942,DeMar DeRozan,SAC,36.0,77,31.2,37.0,16.14,1.91,3.12,0.81,0.65,0.22,2026-27
201950,Jrue Holiday,POR,36.0,53,29.4,37.0,14.99,3.54,5.17,2.6,0.94,0.13,2026-27
202331,Paul George,PHI,36.0,37,30.7,37.0,15.54,4.2,3.38,2.65,1.37,0.34,2026-27
202685,Jonas Valanciunas,DEN,34.0,65,13.4,35.0,8.75,5.23,1.15,0.12,0.31,0.54,2026-27
202691,Klay Thompson,DAL,36.0,69,21.7,37.0,9.31,1.73,1.12,2.02,0.45,0.26,2026-27
202695,Kawhi Leonard,LAC,35.0,65,32.1,36.0,25.95,5.81,3.97,2.67,1.53,0.4,2026-27
202696,Nikola Vučević,BOS,35.0,64,28.4,36.0,13.66,7.35,2.8,1.42,0.58,0.52,2026-27
202699,Tobias Harris,DET,33.0,63,27.7,34.0,12.99,4.63,2.48,1.24,0.84,0.45,2026-27
202710,Jimmy Butler III,GSW,36.0,38,31.1,37.0,19.46,4.7,4.55,0.95,1.14,0.19,2026-27
203076,Anthony Davis,WAS,33.0,20,31.3,34.0,19.71,9.69,2.28,0.58,0.9,1.58,2026-27
203083,Andre Drummond,PHI,32.0,63,19.5,33.0,5.92,6.98,0.78,0.58,0.64,0.59,2026-27
203084,Harrison Barnes,SAS,34.0,77,25.8,35.0,8.14,2.49,1.68,1.97,0.54,0.16,2026-27
203110,Draymond Green,GSW,36.0,68,27.5,37.0,7.2,4.19,4.58,1.43,0.92,0.52,2026-27
203114,Khris Middleton,DAL,34.0,63,22.8,35.0,7.69,2.55,2.51,1.06,0.6,0.04,2026-27
203468,CJ McCollum,ATL,34.0,76,29.8,35.0,16.4,3.06,3.55,2.59,0.73,0.42,2026-27
203471,Dennis Schröder,CLE,32.0,70,24.2,33.0,8.74,1.97,4.26,1.07,0.73,0.13,2026-27
203484,Kentavious Caldwell-Pope,MEM,33.0,51,21.3,34.0,7.73,1.53,2.15,0.94,0.77,0.14,2026-27
203497,Rudy Gobert,MIN,34.0,76,31.3,35.0,8.81,10.05,1.28,0.01,0.65,1.29,2026-27
203500,Steven Adams,HOU,32.0,32,22.8,33.0,5.52,6.88,1.03,0.03,0.58,0.53,2026-27
203501,Tim Hardaway Jr.,DEN,34.0,80,26.6,35.0,12.58,2.01,1.35,2.41,0.5,0.07,2026-27
203507,Giannis Antetokounmpo,MIL,31.0,36,28.9,32.0,27.72,9.5,5.43,0.61,0.9,0.77,2026-27
203897,Zach LaVine,SAC,31.0,39,31.4,32.0,16.62,2.2,2.09,2.14,0.55,0.18,2026-27
203903,Jordan Clarkson,NYK,34.0,72,17.8,35.0,7.98,1.76,1.59,1.14,0.45,0.11,2026-27
203914,Gary Harris,MIL,31.0,48,13.8,32.0,3.13,1.01,0.83,0.66,0.46,0.17,2026-27
203924,Jerami Grant,POR,32.0,57,29.7,33.0,15.88,2.9,2.09,2.1,0.67,0.57,2026-27
203926,Doug McDermott,SAC,34.0,29,15.1,35.0,5.51,0.52,0.24,1.26,0.13,0.01,2026-27
203932,Aaron Gordon,DEN,30.0,36,27.9,31.0,14.18,5.16,2.83,1.65,0.63,0.29,2026-27
203935,Marcus Smart,LAL,32.0,62,28.5,33.0,8.35,2.27,2.79,1.62,1.13,0.31,2026-27
203937,Kyle Anderson,MIN,32.0,43,19.8,33.0,5.49,2.96,2.39,0.2,0.74,0.46,2026-27
203939,Dwight Powell,DAL,34.0,63,14.4,35.0,3.03,3.16,0.91,0.06,0.35,0.32,2026-27
203944,Julius Randle,MIN,31.0,79,33.0,32.0,20.4,6.14,4.91,1.6,0.89,0.21,2026-27
203952,Andrew Wiggins,MIA,31.0,68,30.3,32.0,13.53,4.23,2.31,1.81,0.92,0.8,2026-27
203954,Joel Embiid,PHI,32.0,38,31.6,33.0,25.21,7.35,3.99,1.49,0.64,0.95,2026-27
203991,Clint Capela,HOU,32.0,75,12.3,33.0,4.36,5.01,0.64,0.09,0.52,0.76,2026-27
203992,Bogdan Bogdanović,LAC,33.0,23,19.7,34.0,5.89,1.76,1.73,1.29,0.44,0.05,2026-27
203994,Jusuf Nurkić,UTA,31.0,41,26.4,32.0,8.55,7.89,3.61,0.65,0.92,0.44,2026-27
203999,Nikola Jokić,DEN,31.0,65,34.8,32.0,28.0,12.17,10.17,1.61,1.54,0.71,2026-27
204001,Kristaps Porziņģis,GSW,30.0,32,24.0,31.0,15.25,5.25,2.24,1.8,0.6,1.12,2026-27
204456,T.J. McConnell,IND,34.0,56,17.2,35.0,7.44,1.77,4.53,0.41,0.93,0.14,2026-27
1626145,Tyus Jones,DEN,30.0,67,14.6,31.0,3.68,0.97,2.74,0.79,0.63,0.0,2026-27
1626156,D'Angelo Russell,WAS,30.0,26,19.0,31.0,9.85,2.0,3.74,1.35,0.64,0.15,2026-27
1626157,Karl-Anthony Towns,NYK,30.0,75,31.0,31.0,19.85,10.94,3.32,1.5,0.89,0.55,2026-27
1626162,Kelly Oubre Jr.,PHI,30.0,50,31.5,31.0,13.23,4.2,1.44,1.76,1.16,0.4,2026-27
1626164,Devin Booker,PHX,29.0,64,33.5,30.0,25.63,4.06,6.12,2.04,0.85,0.29,2026-27
1626166,Cameron Payne,PHI,31.0,22,17.0,32.0,5.5,1.36,2.16,1.28,0.74,0.2,2026-27
1626167,Myles Turner,MIL,30.0,71,26.9,31.0,10.18,4.91,1.07,1.95,0.65,1.44,2026-27
1626171,Bobby Portis Jr.,MIL,31.0,67,24.2,32.0,11.56,5.78,1.54,1.85,0.58,0.27,2026-27
1626172,Kevon Looney,NOP,30.0,21,14.6,31.0,3.29,4.58,1.02,0.25,0.42,0.39,2026-27
1626181,Norman Powell,MIA,33.0,58,29.6,34.0,20.13,2.92,2.47,2.55,0.94,0.17,2026-27
1626204,Larry Nance Jr.,CLE,33.0,35,12.8,34.0,3.81,2.41,0.87,0.71,0.56,0.23,2026-27
1626220,Royce O'Neale,PHX,33.0,78,28.4,34.0,7.7,3.81,2.19,2.35,0.89,0.32,2026-27
1627739,Kris Dunn,LAC,32.0,82,27.2,33.0,5.85,2.68,3.21,1.04,1.37,0.2,2026-27
1627741,Buddy Hield,ATL,33.0,51,16.1,34.0,5.79,2.02,1.26,1.33,0.63,0.18,2026-27
1627742,Brandon Ingram,TOR,28.0,77,33.8,29.0,21.4,5.43,4.04,1.8,0.82,0.62,2026-27
1627747,Caris LeVert,DET,31.0,60,19.2,32.0,6.35,2.16,2.54,0.94,0.81,0.54,2026-27
1627750,Jamal Murray,DEN,29.0,75,35.4,30.0,24.59,4.31,6.75,2.78,1.16,0.4,2026-27
1627751,Jakob Poeltl,TOR,30.0,46,25.0,31.0,8.73,6.86,1.98,0.01,0.83,0.79,2026-27
1627752,Taurean Prince,MIL,32.0,26,23.5,33.0,7.09,2.22,1.43,1.95,0.59,0.08,2026-27
1627759,Jaylen Brown,BOS,29.0,71,34.4,30.0,26.22,6.56,5.46,1.89,1.08,0.38,2026-27
1627780,Gary Payton II,GSW,33.0,73,15.6,34.0,5.8,3.14,1.56,0.71,0.76,0.28,2026-27
1627783,Pascal Siakam,IND,32.0,62,33.2,33.0,21.88,5.69,3.5,1.64,0.88,0.37,2026-27
1627824,Guerschon Yabusele,CHI,30.0,67,15.0,31.0,5.98,3.37,0.98,1.02,0.46,0.2,2026-27
1627826,Ivica Zubac,IND,29.0,48,30.1,30.0,12.78,9.61,2.01,0.01,0.47,0.78,2026-27
1627827,Dorian Finney-Smith,HOU,33.0,37,16.8,34.0,3.36,1.74,0.69,0.89,0.39,0.11,2026-27
1627884,Derrick Jones Jr.,LAC,29.0,50,27.0,30.0,8.12,3.34,1.17,1.15,0.86,0.68,2026-27
1627936,Alex Caruso,OKC,32.0,56,18.2,33.0,6.7,2.76,2.37,1.03,1.24,0.37,2026-27
1628366,Lonzo Ball,CLE,28.0,35,20.8,29.0,5.14,3.17,3.41,1.22,1.17,0.29,2026-27
1628368,De'Aaron Fox,SAS,28.0,72,31.0,29.0,17.76,4.22,6.05,2.13,1.28,0.38,2026-27
1628370,Malik Monk,SAC,28.0,62,22.0,29.0,10.69,2.15,3.16,1.89,0.67,0.4,2026-27
1628371,Jonathan Isaac,ORL,28.0,52,10.0,29.0,3.19,2.9,0.6,0.3,0.54,0.69,2026-27
1628374,Lauri Markkanen,UTA,29.0,42,34.3,30.0,24.91,5.92,2.27,2.56,0.78,0.41,2026-27
1628378,Donovan Mitchell,CLE,29.0,70,33.5,30.0,25.95,4.79,5.97,2.97,1.37,0.32,2026-27
1628379,Luke Kennard,LAL,30.0,78,21.5,31.0,8.02,2.39,2.47,1.35,0.69,0.12,2026-27
1628381,John Collins,LAC,28.0,69,27.1,29.0,13.31,5.52,1.33,1.27,0.83,0.72,2026-27
1628384,OG Anunoby,NYK,28.0,67,33.2,29.0,15.76,4.93,2.52,2.15,1.39,0.69,2026-27
1628386,Jarrett Allen,CLE,28.0,56,27.1,29.0,13.49,8.33,2.21,0.1,0.9,0.77,2026-27
1628389,Bam Adebayo,MIA,28.0,73,32.4,29.0,19.73,9.16,3.65,1.85,1.15,0.67,2026-27
1628392,Isaiah Hartenstein,OKC,28.0,47,24.2,29.0,7.48,9.15,3.54,0.01,0.91,0.87,2026-27
1628396,Tony Bradley,ATL,28.0,41,11.0,29.0,4.88,2.61,0.48,0.09,0.13,0.29,2026-27
1628398,Kyle Kuzma,MIL,30.0,69,26.2,31.0,10.95,3.98,2.25,1.19,0.56,0.31,2026-27
1628401,Derrick White,BOS,31.0,77,34.1,32.0,16.11,4.6,4.96,2.68,1.04,1.08,2026-27
1628404,Josh Hart,NYK,31.0,66,30.2,32.0,11.28,6.83,4.66,1.3,1.11,0.29,2026-27
1628415,Dillon Brooks,PHX,30.0,56,30.4,31.0,18.8,3.28,2.07,1.99,0.81,0.18,2026-27
1628418,Thomas Bryant,CLE,28.0,60,12.2,29.0,6.93,3.6,0.84,0.89,0.41,0.47,2026-27
1628436,Luke Kornet,SAS,30.0,68,21.0,31.0,5.81,5.57,1.63,0.02,0.48,0.91,2026-27
1628467,Maxi Kleber,LAL,34.0,43,10.7,35.0,2.59,1.6,0.51,0.36,0.31,0.27,2026-27
1628960,Grayson Allen,PHX,30.0,51,28.8,31.0,13.86,2.57,3.35,2.68,1.08,0.26,2026-27
1628963,Marvin Bagley III,DAL,27.0,60,20.0,28.0,8.43,5.11,1.19,0.42,0.47,0.53,2026-27
1628969,Mikal Bridges,NYK,29.0,82,32.8,30.0,15.01,3.55,3.35,2.2,1.08,0.63,2026-27
1628970,Miles Bridges,CHA,28.0,77,31.0,29.0,15.72,5.68,3.33,2.06,0.68,0.48,2026-27
1628971,Bruce Brown,DEN,29.0,82,24.4,30.0,6.82,3.38,2.02,0.77,0.83,0.18,2026-27
1628973,Jalen Brunson,NYK,29.0,74,35.0,30.0,25.53,3.43,6.65,2.5,0.94,0.17,2026-27
1628975,Jevon Carter,ORL,30.0,53,16.4,31.0,5.63,1.38,1.47,1.33,0.64,0.14,2026-27
1628976,Wendell Carter Jr.,ORL,27.0,78,29.3,28.0,10.64,6.74,2.13,1.14,0.77,0.55,2026-27
1628978,Donte DiVincenzo,MIN,29.0,82,30.4,30.0,11.31,3.81,3.66,2.65,1.2,0.36,2026-27
1628983,Shai Gilgeous-Alexander,OKC,27.0,68,33.2,28.0,29.6,5.75,7.15,1.74,1.57,0.89,2026-27
1628988,Aaron Holiday,HOU,29.0,57,13.7,30.0,5.84,1.25,1.41,1.37,0.48,0.15,2026-27
1628989,Kevin Huerter,DET,27.0,69,22.5,28.0,9.41,3.48,2.66,1.59,0.91,0.42,2026-27
1628991,Jaren Jackson Jr.,UTA,26.0,48,30.3,27.0,17.58,5.62,2.09,1.74,1.02,1.27,2026-27
1628997,Caleb Martin,DAL,30.0,58,14.8,31.0,4.17,2.27,1.33,0.41,0.63,0.28,2026-27
1629001,De'Anthony Melton,GSW,28.0,49,23.0,29.0,10.6,3.32,2.96,1.59,1.27,0.36,2026-27
1629004,Svi Mykhailiuk,UTA,29.0,50,23.1,30.0,7.24,1.96,1.7,1.74,0.47,0.1,2026-27
1629006,Josh Okogie,HOU,27.0,78,17.4,28.0,5.28,2.46,1.06,0.88,0.9,0.29,2026-27
1629008,Michael Porter Jr.,BKN,28.0,52,32.5,29.0,21.06,6.05,2.96,3.35,0.86,0.32,2026-27
1629011,Mitchell Robinson,NYK,28.0,60,19.6,29.0,5.99,7.71,0.69,0.01,0.84,1.08,2026-27
1629012,Collin Sexton,CHI,27.0,68,23.7,28.0,13.7,2.42,3.46,1.54,0.88,0.14,2026-27
1629013,Landry Shamet,NYK,29.0,51,23.0,30.0,7.81,1.75,1.33,1.88,0.63,0.16,2026-27
1629014,Anfernee Simons,CHI,27.0,55,24.9,28.0,13.47,2.56,2.83,2.48,0.68,0.14,2026-27
1629018,Gary Trent Jr.,MIL,27.0,65,21.2,28.0,7.45,0.96,1.06,1.69,0.6,0.01,2026-27
1629020,Jarred Vanderbilt,LAL,27.0,65,17.3,28.0,5.29,4.35,1.46,0.59,0.85,0.3,2026-27
1629021,Moritz Wagner,ORL,29.0,36,11.8,30.0,6.84,3.2,0.82,0.74,0.46,0.2,2026-27
1629023,P.J. Washington,DAL,27.0,56,31.0,28.0,12.76,6.27,1.65,1.44,0.87,0.93,2026-27
1629026,Kenrich Williams,OKC,31.0,56,15.3,32.0,6.12,3.07,1.4,0.85,0.6,0.12,2026-27
1629028,Deandre Ayton,LAL,27.0,72,27.2,28.0,12.96,8.01,1.12,0.01,0.62,0.93,2026-27
1629029,Luka Dončić,LAL,27.0,64,35.8,28.0,29.15,7.69,8.35,3.61,1.61,0.48,2026-27
1629048,Goga Bitadze,ORL,26.0,64,15.2,27.0,6.27,5.47,1.56,0.09,0.62,1.05,2026-27
1629057,Robert Williams III,POR,28.0,59,17.1,29.0,6.16,6.83,1.07,0.13,0.66,1.42,2026-27
1629060,Rui Hachimura,LAL,28.0,68,28.3,29.0,10.97,3.37,1.05,1.76,0.66,0.3,2026-27
1629111,Jock Landale,ATL,30.0,68,22.1,31.0,8.59,4.68,1.41,1.1,0.51,0.37,2026-27
1629130,Duncan Robinson,DET,32.0,77,27.4,33.0,11.29,2.57,2.22,2.5,0.63,0.23,2026-27
1629216,Gabe Vincent,ATL,30.0,53,16.6,31.0,4.43,0.65,1.29,1.1,0.54,0.05,2026-27
1629234,Drew Eubanks,SAC,29.0,42,13.1,30.0,5.33,3.15,0.51,0.08,0.3,0.55,2026-27
1629599,Amir Coffey,PHX,29.0,46,10.7,30.0,3.89,1.31,0.62,0.58,0.28,0.1,2026-27
1629611,Terance Mann,BKN,29.0,63,24.3,30.0,5.81,2.38,2.26,0.82,0.63,0.13,2026-27
1629614,Andrew Nembhard,IND,26.0,57,31.3,27.0,17.1,2.27,6.32,2.05,0.96,0.09,2026-27
1629618,Jalen Pickett,DEN,26.0,50,16.1,27.0,5.97,2.15,2.32,0.87,0.5,0.11,2026-27
1629627,Zion Williamson,NOP,25.0,62,29.7,26.0,20.99,5.96,3.71,0.1,0.99,0.62,2026-27
1629628,RJ Barrett,TOR,26.0,57,30.3,27.0,18.86,5.45,3.78,1.94,0.78,0.34,2026-27
1629630,Ja Morant,MEM,26.0,20,28.4,27.0,17.47,3.28,7.18,1.42,0.99,0.27,2026-27
1629631,De'Andre Hunter,SAC,28.0,45,26.1,29.0,13.01,3.47,1.89,1.82,0.66,0.13,2026-27
1629632,Coby White,CHA,26.0,50,25.0,27.0,17.27,3.52,4.17,2.3,0.72,0.16,2026-27
1629636,Darius Garland,LAC,26.0,45,29.9,27.0,17.13,2.72,6.36,2.57,1.1,0.2,2026-27
1629637,Jaxson Hayes,LAL,26.0,66,18.3,27.0,6.56,4.56,1.3,0.05,0.54,0.73,2026-27
1629638,Nickeil Alexander-Walker,ATL,27.0,78,33.4,28.0,19.63,3.6,3.97,2.82,1.08,0.45,2026-27
1629639,Tyler Herro,MIA,26.0,33,31.3,27.0,20.17,4.57,4.14,2.57,0.75,0.33,2026-27
1629640,Keldon Johnson,SAS,26.0,82,23.3,27.0,13.66,5.29,1.97,1.34,0.68,0.25,2026-27
1629645,Kevin Porter Jr.,MIL,26.0,38,33.2,27.0,17.21,4.32,6.11,1.3,1.55,0.37,2026-27
1629651,Nic Claxton,BKN,27.0,69,27.8,28.0,9.66,6.09,2.81,0.1,0.69,0.99,2026-27
1629652,Luguentz Dort,OKC,27.0,69,26.8,28.0,8.9,3.55,1.5,1.66,0.93,0.39,2026-27
1629655,Daniel Gafford,DAL,27.0,55,21.7,28.0,7.41,6.45,0.94,0.01,0.55,1.3,2026-27
1629656,Quentin Grimes,PHI,26.0,75,29.4,27.0,13.54,3.67,3.28,1.9,0.89,0.36,2026-27
1629661,Cameron Johnson,DEN,30.0,54,30.5,31.0,11.94,3.57,2.4,2.11,0.75,0.36,2026-27
1629673,Jordan Poole,NOP,27.0,39,23.9,28.0,10.81,1.94,2.95,2.16,0.75,0.34,2026-27
1629674,Neemias Queta,BOS,26.0,76,25.3,27.0,10.09,7.63,1.87,0.06,0.74,1.06,2026-27
1629675,Naz Reid,MIN,26.0,77,26.1,27.0,13.57,6.17,2.5,1.96,0.92,0.9,2026-27
1629680,Matisse Thybulle,POR,29.0,30,16.0,30.0,7.03,2.56,1.47,1.19,1.67,0.52,2026-27
1629684,Grant Williams,CHA,27.0,36,19.8,28.0,7.3,3.9,1.79,1.36,0.71,0.53,2026-27
1629723,John Konchar,UTA,30.0,56,19.9,31.0,4.64,3.69,1.63,0.62,1.04,0.51,2026-27
1629731,Dean Wade,CLE,29.0,59,22.3,30.0,5.95,3.8,1.43,1.13,0.7,0.33,2026-27
1629750,Javonte Green,DET,32.0,82,17.6,33.0,6.51,2.82,1.04,1.22,0.99,0.37,2026-27
1630162,Anthony Edwards,MIN,24.0,61,35.0,25.0,26.31,5.67,4.51,2.95,1.29,0.72,2026-27
1630163,LaMelo Ball,CHA,24.0,72,28.0,25.0,21.01,5.13,7.11,3.81,1.28,0.39,2026-27
1630165,Killian Hayes,SAC,24.0,23,17.6,25.0,6.36,2.21,3.65,0.86,0.8,0.29,2026-27
1630166,Deni Avdija,POR,25.0,66,33.3,26.0,22.11,6.65,6.27,1.87,0.93,0.5,2026-27
1630167,Obi Toppin,IND,28.0,24,17.7,29.0,9.68,3.82,2.2,1.37,0.55,0.13,2026-27
1630168,Onyeka Okongwu,ATL,25.0,74,31.0,26.0,15.9,7.56,3.06,1.98,1.05,0.94,2026-27
1630170,Devin Vassell,SAS,25.0,67,30.5,26.0,14.11,4.2,2.88,2.45,1.08,0.45,2026-27
1630171,Isaac Okoro,CHI,25.0,63,26.9,26.0,7.44,2.33,1.35,1.1,0.65,0.36,2026-27
1630172,Patrick Williams,CHI,24.0,72,20.5,25.0,6.11,3.01,1.57,1.16,0.7,0.39,2026-27
1630173,Precious Achiuwa,SAC,26.0,73,23.9,27.0,8.07,5.96,1.34,0.47,0.83,0.64,2026-27
1630174,Aaron Nesmith,IND,26.0,45,29.7,27.0,12.49,3.44,1.53,1.84,0.64,0.38,2026-27
1630175,Cole Anthony,MIL,26.0,35,15.0,27.0,6.04,2.5,3.21,0.69,0.66,0.3,2026-27
1630178,Tyrese Maxey,PHI,25.0,70,38.0,26.0,26.47,4.37,6.49,2.89,1.71,0.67,2026-27
1630180,Saddiq Bey,NOP,27.0,72,31.2,28.0,16.55,4.85,2.39,2.11,0.82,0.13,2026-27
1630182,Josh Green,CHA,25.0,58,15.7,26.0,5.13,2.1,1.26,0.99,0.73,0.16,2026-27
1630183,Jaden McDaniels,MIN,25.0,73,31.7,26.0,15.05,4.68,2.86,1.36,1.11,0.85,2026-27
1630188,Jalen Smith,CHI,26.0,53,20.7,27.0,10.14,6.19,1.33,1.43,0.54,0.72,2026-27
1630191,Isaiah Stewart,DET,25.0,58,22.7,26.0,9.82,5.48,1.43,0.88,0.48,1.35,2026-27
1630192,Zeke Nnaji,DEN,25.0,52,12.0,26.0,5.03,2.64,0.77,0.39,0.41,0.54,2026-27
1630193,Immanuel Quickley,TOR,27.0,70,31.9,28.0,15.55,3.73,5.47,2.68,1.06,0.17,2026-27
1630194,Paul Reed,DET,27.0,65,13.9,28.0,7.68,4.7,1.46,0.37,0.91,0.8,2026-27
1630198,Isaiah Joe,OKC,26.0,71,21.2,27.0,11.23,3.05,1.89,2.31,0.74,0.25,2026-27
1630200,Tre Jones,CHI,26.0,65,27.0,27.0,13.15,3.09,5.11,0.78,1.02,0.22,2026-27
1630202,Payton Pritchard,BOS,28.0,79,32.3,29.0,15.53,3.93,4.95,2.75,0.88,0.17,2026-27
1630208,Nick Richards,CHI,28.0,48,14.6,29.0,5.83,5.22,0.31,0.11,0.2,0.69,2026-27
1630217,Desmond Bane,ORL,28.0,82,33.6,29.0,19.94,4.65,4.5,2.15,1.02,0.46,2026-27
1630224,Jalen Green,PHX,24.0,32,25.9,25.0,17.3,4.04,3.17,2.39,1.0,0.36,2026-27
1630228,Jonathan Kuminga,ATL,23.0,36,23.1,24.0,12.91,5.2,2.4,1.05,0.71,0.37,2026-27
1630230,Naji Marshall,DAL,28.0,74,29.5,29.0,13.39,4.16,3.19,0.95,0.92,0.14,2026-27
1630241,Sam Merrill,CLE,30.0,52,26.5,31.0,12.28,2.37,2.33,2.59,0.71,0.13,2026-27
1630245,Ayo Dosunmu,MIN,26.0,69,27.3,27.0,14.94,3.4,3.78,1.95,0.84,0.32,2026-27
1630249,Vít Krejčí,POR,26.0,65,21.4,27.0,8.47,2.49,1.87,1.74,0.69,0.36,2026-27
1630264,Anthony Gill,WAS,33.0,55,17.3,34.0,4.86,2.15,0.79,0.44,0.36,0.23,2026-27
1630311,Pat Spencer,GSW,29.0,66,18.6,30.0,6.46,1.87,2.92,0.87,0.67,0.08,2026-27
1630314,Brandon Williams,DAL,26.0,66,22.2,27.0,11.06,2.77,3.75,0.76,0.83,0.26,2026-27
1630526,Jeremiah Robinson-Earl,DAL,25.0,22,16.4,26.0,5.4,3.81,0.69,0.57,0.42,0.01,2026-27
1630529,Herbert Jones,NOP,27.0,56,28.4,28.0,8.32,2.89,2.62,1.51,1.43,0.4,2026-27
1630530,Trey Murphy III,NOP,26.0,66,35.5,27.0,20.59,4.9,3.65,2.79,1.21,0.46,2026-27
1630532,Franz Wagner,ORL,24.0,34,30.0,25.0,20.56,5.27,3.68,1.53,0.99,0.38,2026-27
1630533,Ziaire Williams,BKN,24.0,56,22.9,25.0,8.0,2.87,1.35,1.41,1.04,0.4,2026-27
1630534,Ochai Agbaji,BKN,26.0,62,15.7,27.0,5.95,2.63,1.07,0.67,0.52,0.33,2026-27
1630536,Sharife Cooper,WAS,25.0,41,17.1,26.0,7.84,2.03,2.91,0.7,0.46,0.09,2026-27
1630538,Bones Hyland,MIN,25.0,71,16.6,26.0,9.94,1.99,2.74,1.59,0.75,0.22,2026-27
1630540,Miles McBride,NYK,25.0,41,26.3,26.0,12.13,2.64,2.85,2.21,1.0,0.26,2026-27
1630541,Moses Moody,GSW,24.0,60,25.7,25.0,12.25,3.4,1.77,2.05,0.94,0.53,2026-27
1630543,Isaiah Jackson,LAC,24.0,55,16.5,25.0,6.01,5.47,1.15,0.01,0.65,1.06,2026-27
1630544,Tre Mann,CHA,25.0,53,12.6,26.0,6.52,1.95,1.83,1.16,0.51,0.14,2026-27
1630545,Terrence Shannon Jr,MIN,25.0,43,12.5,26.0,6.08,1.45,1.24,0.73,0.37,0.1,2026-27
1630549,Day'Ron Sharpe,BKN,24.0,62,18.7,25.0,9.44,6.47,2.4,0.35,0.93,0.55,2026-27
1630551,Justin Champagnie,WAS,25.0,69,20.0,26.0,8.32,5.26,1.27,0.8,0.85,0.55,2026-27
1630552,Jalen Johnson,ATL,24.0,72,35.2,25.0,21.85,9.58,7.41,1.82,1.35,0.59,2026-27
1630557,Corey Kispert,ATL,27.0,58,18.6,28.0,7.98,2.36,1.56,1.4,0.36,0.2,2026-27
1630558,Davion Mitchell,MIA,27.0,70,28.6,28.0,9.34,2.56,5.66,1.28,1.03,0.19,2026-27
1630559,Austin Reaves,LAL,28.0,51,34.5,29.0,22.11,4.6,5.57,2.23,1.05,0.35,2026-27
1630560,Cam Thomas,MIL,24.0,42,21.0,25.0,11.65,1.99,2.51,1.44,0.39,0.12,2026-27
1630567,Scottie Barnes,TOR,24.0,80,33.5,25.0,18.95,7.86,5.8,1.17,1.37,1.24,2026-27
1630568,Luka Garza,BOS,27.0,69,16.2,28.0,8.62,3.56,1.05,0.95,0.42,0.33,2026-27
1630570,Trendon Watford,PHI,25.0,53,16.3,26.0,6.04,3.27,2.43,0.28,0.43,0.34,2026-27
1630572,Sandro Mamukelashvili,TOR,27.0,80,21.9,28.0,10.29,4.65,2.07,1.4,0.74,0.46,2026-27
1630573,Sam Hauser,BOS,28.0,78,24.8,29.0,8.68,3.56,1.59,2.23,0.65,0.27,2026-27
1630577,Julian Champagnie,SAS,25.0,82,27.6,26.0,11.22,5.47,2.01,2.13,0.87,0.49,2026-27
1630578,Alperen Sengun,HOU,23.0,72,33.3,24.0,21.0,9.17,5.97,0.82,1.22,0.96,2026-27
1630579,Jericho Sims,MIL,27.0,67,19.7,28.0,4.9,4.87,1.28,0.02,0.28,0.38,2026-27
1630581,Josh Giddey,CHI,23.0,54,32.1,24.0,17.92,7.42,7.99,1.97,1.1,0.49,2026-27
1630583,Santi Aldama,MEM,25.0,43,27.9,26.0,13.11,6.2,2.83,1.65,0.86,0.56,2026-27
1630591,Jalen Suggs,ORL,25.0,57,27.6,26.0,13.8,3.99,5.09,2.14,1.53,0.71,2026-27
1630592,Jalen Wilson,BKN,25.0,54,15.9,26.0,6.22,2.31,1.16,0.99,0.42,0.06,2026-27
1630595,Cade Cunningham,DET,24.0,64,33.9,25.0,24.97,6.31,9.44,1.98,1.37,0.83,2026-27
1630596,Evan Mobley,CLE,25.0,65,31.9,26.0,18.32,8.99,3.58,1.12,0.88,1.48,2026-27
1630598,Aaron Wiggins,OKC,27.0,65,21.8,28.0,9.37,3.43,1.93,1.55,0.86,0.35,2026-27
1630604,E.J. Liddell,BKN,25.0,26,13.4,26.0,6.19,2.61,0.99,0.7,0.31,0.31,2026-27
1630611,Gui Santos,GSW,24.0,68,20.5,25.0,9.84,4.08,2.56,1.14,0.82,0.32,2026-27
1630619,Moussa Cisse,DAL,23.0,38,13.9,24.0,5.56,5.89,0.26,0.02,0.55,1.12,2026-27
1630623,Tyson Etienne,BKN,26.0,24,15.8,27.0,6.73,1.02,1.5,1.44,0.43,0.04,2026-27
1630631,Jose Alvarado,NYK,28.0,69,19.9,29.0,6.82,2.33,3.52,1.37,1.03,0.16,2026-27
1630643,Jay Huff,IND,28.0,82,21.0,29.0,7.65,3.91,1.14,1.38,0.5,1.35,2026-27
1630679,Ethan Thompson,IND,27.0,32,20.4,28.0,5.99,1.98,1.64,1.1,0.58,0.26,2026-27
1630692,Jordan Goodwin,PHX,27.0,70,22.5,28.0,8.99,4.33,2.2,1.45,1.24,0.29,2026-27
1630695,Micah Potter,IND,28.0,47,19.3,29.0,7.08,4.46,1.39,1.29,0.47,0.33,2026-27
1630696,Dru Smith,MIA,28.0,70,16.3,29.0,6.15,2.37,2.58,0.7,1.23,0.29,2026-27
1630700,Dyson Daniels,ATL,23.0,76,33.2,24.0,12.24,6.49,5.63,0.52,2.08,0.52,2026-27
1630702,Jaden Hardy,WAS,23.0,57,15.8,24.0,8.73,1.94,1.43,1.68,0.49,0.15,2026-27
1630703,Scoot Henderson,POR,22.0,30,24.9,23.0,13.47,3.15,4.16,1.8,0.96,0.3,2026-27
1630811,Keaton Wallace,ATL,27.0,53,10.1,28.0,4.67,1.42,2.13,0.76,0.66,0.15,2026-27
1631093,Jaden Ivey,CHI,24.0,37,18.1,25.0,9.24,3.01,2.15,1.22,0.68,0.41,2026-27
1631094,Paolo Banchero,ORL,23.0,72,34.7,24.0,22.14,7.77,5.01,1.37,0.79,0.6,2026-27
1631095,Jabari Smith Jr.,HOU,23.0,77,35.1,24.0,15.62,6.77,2.12,2.05,0.74,0.78,2026-27
1631096,Chet Holmgren,OKC,24.0,69,28.9,25.0,17.08,9.31,2.55,1.44,0.83,1.81,2026-27
1631097,Bennedict Mathurin,LAC,24.0,54,30.0,25.0,17.7,4.83,2.44,1.54,0.72,0.24,2026-27
1631099,Keegan Murray,SAC,25.0,23,34.5,26.0,12.29,5.15,1.09,1.6,0.76,1.13,2026-27
1631101,Shaedon Sharpe,POR,23.0,50,29.4,24.0,20.52,4.36,3.18,1.99,1.14,0.21,2026-27
1631104,Blake Wesley,POR,23.0,31,11.6,24.0,6.03,1.72,2.25,0.49,0.63,0.18,2026-27
1631105,Jalen Duren,DET,22.0,70,28.2,23.0,19.66,10.68,3.27,0.02,0.89,0.91,2026-27
1631106,Tari Eason,HOU,25.0,60,25.8,26.0,10.64,5.88,1.83,1.55,1.28,0.59,2026-27
1631107,Nikola Jović,MIA,23.0,47,17.2,24.0,6.92,3.55,2.45,0.98,0.71,0.36,2026-27
1631108,Max Christie,DAL,23.0,77,29.1,24.0,12.74,3.03,2.02,2.09,0.69,0.36,2026-27
1631109,Mark Williams,PHX,24.0,60,23.6,25.0,11.95,8.11,1.61,0.06,0.8,0.9,2026-27
1631110,Jeremy Sochan,NYK,23.0,44,10.6,24.0,5.04,3.39,1.34,0.38,0.53,0.32,2026-27
1631114,Jalen Williams,OKC,25.0,33,28.4,26.0,17.25,5.06,5.49,0.94,1.28,0.48,2026-27
1631119,Jaylin Williams,OKC,24.0,65,19.7,25.0,7.68,5.79,2.82,1.42,0.69,0.62,2026-27
1631121,Bryce McGowens,NOP,23.0,42,21.0,24.0,7.73,1.8,1.46,0.81,0.5,0.17,2026-27
1631123,Jamaree Bouyea,PHX,27.0,46,14.0,28.0,6.6,1.93,2.07,0.7,0.71,0.32,2026-27
1631124,Julian Strawther,DEN,24.0,57,15.1,25.0,7.02,2.39,1.51,1.12,0.55,0.18,2026-27
1631126,Caleb Love,POR,24.0,49,20.7,25.0,8.49,2.32,2.48,1.64,0.66,0.14,2026-27
1631128,Christian Braun,DEN,25.0,44,31.8,26.0,11.94,4.6,2.72,1.12,0.87,0.34,2026-27
1631131,Oscar Tshiebwe,UTA,26.0,27,16.6,27.0,6.61,6.49,1.05,0.01,0.62,0.23,2026-27
1631132,Christian Koloko,ATL,26.0,27,13.2,27.0,3.51,2.94,0.61,0.11,0.44,0.64,2026-27
1631133,Jabari Walker,PHI,23.0,64,11.9,24.0,5.78,3.44,0.94,0.65,0.56,0.24,2026-27
1631157,Ryan Rollins,MIL,23.0,74,32.1,24.0,18.93,3.98,4.99,2.04,1.29,0.37,2026-27
1631159,Leonard Miller,CHI,22.0,46,15.6,23.0,7.98,3.59,1.16,0.77,0.45,0.31,2026-27
1631165,Keon Ellis,CLE,26.0,72,20.5,27.0,6.32,2.15,1.31,1.19,1.14,0.57,2026-27
1631169,Josh Minott,BKN,23.0,49,17.0,24.0,7.34,3.19,1.17,1.29,0.77,0.48,2026-27
1631170,Jaime Jaquez Jr.,MIA,25.0,75,28.3,26.0,15.51,4.97,4.57,0.94,0.87,0.29,2026-27
1631172,Ousmane Dieng,MIL,23.0,57,19.3,24.0,6.26,3.08,2.22,0.98,0.6,0.27,2026-27
1631199,Ron Harper Jr.,BOS,26.0,29,10.9,27.0,5.77,3.06,1.06,1.25,0.29,0.26,2026-27
1631200,Kris Murray,POR,25.0,57,23.4,26.0,6.14,3.37,1.39,0.73,0.77,0.35,2026-27
1631204,Marcus Sasser,DET,25.0,38,12.0,26.0,6.65,1.39,2.29,1.43,0.66,0.12,2026-27
1631207,Dalen Terry,PHI,23.0,48,11.5,24.0,5.07,2.23,1.65,0.62,0.7,0.3,2026-27
1631212,Peyton Watson,DEN,23.0,54,29.6,24.0,14.18,4.79,2.41,1.36,0.95,1.04,2026-27
1631213,Tyrese Martin,PHI,27.0,46,16.9,28.0,5.79,2.39,1.6,1.0,0.52,0.11,2026-27
1631217,Moussa Diabaté,CHA,24.0,73,26.0,25.0,8.51,7.92,1.93,0.07,0.83,0.81,2026-27
1631221,Collin Gillespie,PHX,27.0,80,28.5,28.0,11.97,3.62,4.15,2.67,1.07,0.24,2026-27
1631222,Jake LaRavia,LAL,24.0,82,25.1,25.0,9.2,4.0,2.17,1.03,1.1,0.43,2026-27
1631230,Dominick Barlow,PHI,23.0,71,23.8,24.0,7.28,4.54,1.41,0.46,0.76,0.64,2026-27
1631243,Mouhamed Gueye,ATL,23.0,77,15.3,24.0,5.64,3.97,1.31,0.76,0.84,0.65,2026-27
1631245,Quenton Jackson,IND,27.0,49,18.3,28.0,7.5,2.19,2.79,0.81,0.7,0.14,2026-27
1631246,Vince Williams Jr.,UTA,25.0,40,20.5,26.0,6.2,3.56,3.46,1.34,0.69,0.34,2026-27
1631248,Baylor Scheierman,BOS,25.0,77,18.6,26.0,6.35,3.36,1.76,1.44,0.63,0.17,2026-27
1631250,Pete Nance,MIL,26.0,47,15.7,27.0,5.57,2.67,1.03,0.83,0.44,0.32,2026-27
1631255,Karlo Matković,NOP,25.0,62,14.7,26.0,6.12,4.33,0.99,0.68,0.47,0.88,2026-27
1631260,AJ Green,MIL,26.0,78,29.1,27.0,8.98,2.3,1.75,2.16,0.58,0.1,2026-27
1631288,Jamal Cain,ORL,27.0,40,12.1,28.0,5.89,2.12,0.94,0.79,0.45,0.16,2026-27
1631321,Sidy Cissoko,POR,22.0,75,19.1,23.0,7.23,2.42,1.66,0.87,0.64,0.27,2026-27
1631323,Simone Fontecchio,MIA,30.0,70,16.7,31.0,7.54,2.76,1.45,1.73,0.52,0.15,2026-27
1631342,Daeqwon Plowden,SAC,27.0,32,26.4,28.0,7.86,1.81,0.8,1.63,0.4,0.06,2026-27
1641705,Victor Wembanyama,SAS,22.0,64,29.2,23.0,25.85,12.42,4.23,2.04,1.22,2.96,2026-27
1641706,Brandon Miller,CHA,23.0,65,30.3,24.0,20.33,5.4,3.98,2.97,1.1,0.7,2026-27
1641707,Taylor Hendricks,MEM,22.0,59,19.0,23.0,6.51,4.01,1.25,0.95,1.04,0.69,2026-27
1641708,Amen Thompson,HOU,23.0,79,37.4,24.0,19.31,7.78,5.37,0.58,1.41,0.8,2026-27
1641709,Ausar Thompson,DET,23.0,73,26.0,24.0,11.02,5.96,3.37,0.14,1.74,0.82,2026-27
1641710,Anthony Black,ORL,22.0,64,29.8,23.0,15.11,3.87,3.79,1.7,1.26,0.63,2026-27
1641711,Gradey Dick,TOR,22.0,76,14.0,23.0,8.2,2.84,1.43,0.98,0.69,0.22,2026-27
1641712,Rayan Rupert,MEM,22.0,64,16.8,23.0,6.44,2.64,1.27,0.77,0.71,0.15,2026-27
1641713,GG Jackson,MEM,21.0,55,21.4,22.0,12.98,4.59,1.89,1.18,0.66,0.6,2026-27
1641715,Cam Whitmore,WAS,21.0,21,16.9,22.0,8.25,2.99,0.88,0.77,0.62,0.36,2026-27
1641716,Jarace Walker,IND,22.0,76,25.7,23.0,10.59,4.39,2.5,1.57,0.82,0.3,2026-27
1641717,Cason Wallace,OKC,22.0,77,26.6,23.0,10.08,3.82,3.22,1.45,1.73,0.48,2026-27
1641718,Keyonte George,UTA,22.0,54,33.1,23.0,20.98,3.53,5.87,2.47,0.94,0.22,2026-27
1641722,Jordan Hawkins,NOP,24.0,51,13.6,25.0,6.01,2.0,1.0,1.08,0.39,0.23,2026-27
1641724,Jett Howard,ORL,22.0,55,12.6,23.0,6.35,2.01,1.2,1.21,0.36,0.23,2026-27
1641729,Brice Sensabaugh,UTA,22.0,75,23.5,23.0,14.82,3.25,2.29,2.06,0.72,0.2,2026-27
1641730,Noah Clowney,BKN,21.0,66,27.0,22.0,12.22,3.98,1.61,1.69,0.72,0.59,2026-27
1641731,Bilal Coulibaly,WAS,21.0,56,26.2,22.0,10.99,4.2,2.52,1.12,1.13,0.79,2026-27
1641733,Nick Smith Jr.,LAL,22.0,30,12.5,23.0,7.68,1.7,1.55,1.3,0.41,0.16,2026-27
1641737,Adem Bona,PHI,23.0,71,17.4,24.0,5.85,4.6,0.78,0.06,0.49,1.08,2026-27
1641738,Kobe Brown,IND,26.0,61,15.8,27.0,5.96,2.72,1.2,0.84,0.44,0.2,2026-27
1641739,Toumani Camara,POR,26.0,82,33.3,27.0,12.96,4.66,2.53,2.39,1.17,0.42,2026-27
1641740,Jaylen Clark,MIN,24.0,68,13.1,25.0,5.4,2.13,1.13,0.67,0.81,0.16,2026-27
1641750,Ryan Kalkbrenner,CHA,24.0,69,21.4,25.0,6.53,5.96,1.02,0.01,0.54,1.38,2026-27
1641757,Jordan Miller,LAC,26.0,60,22.1,27.0,9.54,2.83,2.26,0.82,0.73,0.2,2026-27
1641764,Brandin Podziemski,GSW,23.0,82,28.4,24.0,13.84,5.16,3.93,1.89,1.1,0.27,2026-27
1641765,Olivier-Maxence Prosper,MEM,23.0,53,18.6,24.0,8.07,3.53,1.33,1.2,0.73,0.24,2026-27
1641767,Ben Sheppard,IND,24.0,65,21.4,25.0,5.83,2.8,1.74,1.15,0.63,0.15,2026-27
1641772,Nae'Qwan Tomlin,CLE,25.0,64,15.7,26.0,6.26,3.36,0.91,0.64,0.45,0.42,2026-27
1641774,Tristan Vukcevic,WAS,23.0,49,13.7,24.0,10.05,3.64,1.33,1.14,0.48,0.67,2026-27
1641775,Jordan Walsh,BOS,22.0,68,17.8,23.0,6.29,3.96,1.17,0.99,0.69,0.47,2026-27
1641783,Tristan da Silva,ORL,25.0,77,24.7,26.0,10.53,3.69,1.9,1.58,0.76,0.3,2026-27
1641796,Pelle Larsson,MIA,25.0,70,26.4,26.0,11.33,3.25,3.19,1.16,0.76,0.2,2026-27
1641824,Matas Buzelis,CHI,21.0,77,29.2,22.0,17.08,5.56,2.16,2.05,0.74,1.16,2026-27
1641842,Ronald Holland II,DET,20.0,78,19.9,21.0,9.97,4.3,1.9,0.88,1.02,0.37,2026-27
1641854,Craig Porter Jr.,CLE,26.0,64,17.9,27.0,5.55,2.91,2.72,0.65,0.8,0.45,2026-27
1641989,Elijah Harkless,UTA,26.0,26,21.0,27.0,6.12,1.8,2.39,0.9,1.04,0.16,2026-27
1642258,Zaccharie Risacher,ATL,21.0,67,22.4,22.0,10.18,4.0,1.45,1.33,0.86,0.52,2026-27
1642259,Alex Sarr,WAS,21.0,48,27.2,22.0,16.2,7.18,2.45,1.04,0.78,1.6,2026-27
1642261,Dalton Knecht,LAL,25.0,54,10.2,26.0,5.59,2.21,0.71,0.8,0.29,0.22,2026-27
1642262,Cody Williams,UTA,21.0,67,24.3,22.0,8.27,2.9,1.96,0.68,0.72,0.35,2026-27
1642263,Reed Sheppard,HOU,22.0,82,26.2,23.0,13.99,3.52,3.59,2.65,1.34,0.61,2026-27
1642264,Stephon Castle,SAS,21.0,68,30.0,22.0,18.51,5.32,6.78,1.35,1.14,0.37,2026-27
1642265,Rob Dillingham,CHI,21.0,65,14.9,22.0,7.29,2.34,2.63,0.75,0.71,0.12,2026-27
1642266,Ja'Kobe Walter,TOR,21.0,72,20.5,22.0,8.2,3.11,1.65,1.34,0.92,0.28,2026-27
1642267,Bub Carrington,WAS,20.0,82,27.7,21.0,11.59,3.21,4.19,1.79,0.71,0.21,2026-27
1642268,Isaiah Collier,UTA,21.0,59,25.7,22.0,11.19,2.65,6.5,0.65,1.01,0.24,2026-27
1642269,Devin Carter,SAC,24.0,38,18.4,25.0,7.55,3.04,2.47,0.85,0.83,0.19,2026-27
1642270,Donovan Clingan,POR,22.0,77,27.2,23.0,13.03,10.29,1.99,1.23,0.75,1.49,2026-27
1642271,Kyle Filipowski,UTA,22.0,77,23.4,23.0,10.74,6.61,2.7,1.01,0.85,0.44,2026-27
1642272,Jared McCain,OKC,22.0,67,17.3,23.0,10.21,2.62,1.92,1.37,0.65,0.16,2026-27
1642273,Kyshawn George,WAS,22.0,48,29.0,23.0,15.05,4.51,3.84,1.84,0.96,0.71,2026-27
1642274,Yves Missi,NOP,22.0,66,19.7,23.0,7.65,6.38,1.21,0.04,0.49,1.29,2026-27
1642275,Tidjane Salaün,CHA,20.0,37,15.6,21.0,6.37,4.46,1.21,0.8,0.55,0.3,2026-27
1642276,Kel'el Ware,MIA,22.0,77,22.1,23.0,11.48,8.37,1.12,1.31,0.8,1.03,2026-27
1642277,Johnny Furphy,IND,21.0,35,18.4,22.0,5.44,3.87,1.25,0.7,0.67,0.27,2026-27
1642278,Tyler Kolek,NYK,25.0,62,11.7,26.0,6.06,1.93,2.88,0.89,0.62,0.15,2026-27
1642281,Jaylon Tyson,CLE,23.0,66,26.9,24.0,14.01,4.64,2.38,2.07,0.81,0.35,2026-27
1642285,Cam Spencer,MEM,26.0,72,23.8,27.0,10.13,2.3,4.56,2.05,0.75,0.15,2026-27
1642345,Oso Ighodaro,PHX,23.0,82,22.1,24.0,7.46,5.24,2.43,0.01,0.85,0.67,2026-27
1642346,Ryan Dunn,PHX,23.0,70,19.4,24.0,6.95,4.14,1.56,0.83,0.84,0.46,2026-27
1642347,Jamal Shead,TOR,23.0,82,22.6,24.0,7.42,2.08,5.07,1.07,0.99,0.21,2026-27
1642348,Justin Edwards,PHI,22.0,64,15.3,23.0,7.92,2.29,1.76,1.16,0.84,0.28,2026-27
1642349,Ajay Mitchell,OKC,24.0,57,25.8,25.0,13.92,3.87,3.95,1.29,1.13,0.33,2026-27
1642354,KJ Simpson,DEN,23.0,20,12.9,24.0,6.76,2.12,2.46,0.73,0.84,0.07,2026-27
1642363,Nique Clifford,SAC,24.0,75,25.1,25.0,8.77,3.5,2.4,0.98,0.87,0.28,2026-27
1642364,Jamir Watkins,WAS,24.0,50,20.6,25.0,5.82,3.69,1.38,0.86,0.98,0.46,2026-27
1642366,Quinten Post,GSW,26.0,67,17.3,27.0,7.18,3.98,1.58,1.38,0.5,0.46,2026-27
1642377,Jaylen Wells,MEM,22.0,69,26.4,23.0,12.63,3.21,1.91,1.9,0.81,0.15,2026-27
1642382,Branden Carlson,OKC,27.0,42,11.6,28.0,6.28,3.02,0.76,0.69,0.34,0.61,2026-27
1642383,Walter Clayton Jr.,MEM,23.0,69,20.4,24.0,6.82,1.99,3.86,1.06,0.69,0.26,2026-27
1642450,Daniss Jenkins,DET,24.0,72,20.2,25.0,10.49,2.45,3.56,1.27,0.77,0.22,2026-27
1642461,Spencer Jones,DEN,25.0,64,22.1,26.0,6.03,3.0,0.8,0.95,0.73,0.47,2026-27
1642502,Malevy Leons,GSW,26.0,25,11.1,27.0,5.12,1.99,0.63,0.44,0.48,0.3,2026-27
1642843,Cooper Flagg,DAL,19.0,70,33.5,20.0,21.4,6.79,4.59,1.23,1.18,0.88,2026-27
1642844,Dylan Harper,SAS,20.0,69,22.6,21.0,12.76,4.23,4.41,1.14,0.98,0.39,2026-27
1642845,VJ Edgecombe,PHI,20.0,75,35.0,21.0,17.27,5.63,4.33,2.02,1.36,0.52,2026-27
1642846,Ace Bailey,UTA,19.0,72,27.6,20.0,13.29,4.24,1.96,1.85,0.84,0.66,2026-27
1642847,Jeremiah Fears,NOP,19.0,82,25.8,20.0,15.56,4.07,3.78,1.37,1.2,0.44,2026-27
1642848,Tre Johnson,WAS,20.0,60,24.0,21.0,12.49,2.9,2.17,1.77,0.65,0.31,2026-27
1642849,Nolan Traore,BKN,20.0,56,22.2,21.0,10.0,2.0,3.75,0.93,0.84,0.36,2026-27
1642851,Kon Knueppel,CHA,20.0,81,31.5,21.0,19.42,5.67,4.01,2.77,0.9,0.3,2026-27
1642852,Derik Queen,NOP,21.0,81,25.0,22.0,11.84,6.87,3.8,0.33,1.0,0.82,2026-27
1642853,Rasheer Fleming,PHX,21.0,55,12.2,22.0,5.85,3.01,0.76,0.99,0.58,0.46,2026-27
1642854,Asa Newell,ATL,20.0,44,11.4,21.0,5.86,3.01,1.05,0.76,0.54,0.38,2026-27
1642856,Egor Dëmin,BKN,20.0,52,25.2,21.0,10.61,3.25,3.31,1.87,0.85,0.31,2026-27
1642857,Kasparas Jakučionis,MIA,20.0,53,17.8,21.0,7.5,3.05,2.96,1.38,0.74,0.18,2026-27
1642859,Jase Richardson,ORL,20.0,54,10.9,21.0,6.31,1.98,1.72,0.81,0.58,0.1,2026-27
1642860,Will Riley,WAS,20.0,74,22.1,21.0,10.45,2.98,2.19,1.0,0.73,0.15,2026-27
1642862,Liam McNeeley,CHA,20.0,31,11.9,21.0,5.65,2.89,1.25,0.83,0.38,0.2,2026-27
1642864,Hugo González,BOS,20.0,74,14.6,21.0,5.47,3.99,1.27,0.78,0.79,0.39,2026-27
1642867,Collin Murray-Boyles,TOR,21.0,57,21.9,22.0,9.9,5.37,2.14,0.36,0.93,0.86,2026-27
1642868,Carter Bryant,SAS,20.0,71,11.5,21.0,6.26,3.27,1.27,0.92,0.43,0.38,2026-27
1642869,Noah Penda,ORL,21.0,59,12.8,22.0,5.44,3.55,1.56,0.69,0.64,0.34,2026-27
1642874,Danny Wolf,BKN,22.0,57,20.8,23.0,9.03,4.81,2.21,1.18,0.57,0.57,2026-27
1642875,Maxime Raynaud,SAC,23.0,74,26.5,24.0,13.0,6.8,1.52,0.38,0.51,0.47,2026-27
1642877,Micah Peavy,NOP,24.0,61,15.0,25.0,5.85,2.0,1.25,0.61,0.72,0.12,2026-27
1642878,Tyrese Proctor,CLE,22.0,50,10.9,23.0,7.15,1.87,2.02,1.26,0.62,0.07,2026-27
1642879,Ben Saraf,BKN,20.0,44,20.8,21.0,6.23,2.18,3.33,0.61,0.86,0.2,2026-27
1642880,Kam Jones,IND,24.0,37,16.7,25.0,5.64,1.49,2.95,0.66,0.6,0.01,2026-27
1642883,Sion James,CHA,23.0,82,22.5,24.0,6.48,3.45,2.22,1.06,0.7,0.22,2026-27
1642907,Cedric Coward,MEM,22.0,62,25.8,23.0,13.9,5.83,3.07,1.56,0.7,0.43,2026-27
1642914,Javon Small,MEM,23.0,41,20.2,24.0,9.35,3.08,3.62,1.33,0.83,0.21,2026-27
1642920,Kobe Sanders,LAC,24.0,68,19.9,25.0,7.0,2.54,1.99,1.24,0.73,0.14,2026-27
1642928,Dylan Cardwell,SAC,24.0,44,20.6,25.0,5.66,7.17,1.21,0.07,0.71,1.31,2026-27
1642942,Jahmai Mashack,MEM,23.0,31,21.7,24.0,5.95,2.22,1.95,0.63,1.05,0.41,2026-27
1642948,Ryan Nembhard,DAL,23.0,60,19.5,24.0,6.75,2.38,5.09,0.88,0.6,0.03,2026-27
1642949,Yanic Konan Niederhäuser,LAC,23.0,41,10.3,24.0,4.98,3.58,0.62,0.07,0.23,0.72,2026-27
1642954,Will Richard,GSW,23.0,69,20.0,24.0,6.87,2.67,1.69,1.11,1.09,0.15,2026-27
1642962,Drake Powell,BKN,20.0,63,20.9,21.0,6.25,1.91,1.52,0.84,0.6,0.21,2026-27
1643007,Taelon Peter,IND,24.0,38,13.0,25.0,5.33,1.88,1.29,1.09,0.7,0.15,2026-27
